file,n_obs,t_baseline_days,P,K,e,omega_deg,msini,mstar,t_peri
synth_00000.npz,44,1795.098321000114,181.4,91.5,0.027,177.3,3.2,1.4,48.939309876766075
synth_00001.npz,20,436.7545999996364,1129.0,144.0,0.85,190.0,3.5,0.843,46.2591085239638
synth_00002.npz,52,3063.6800000001676,5.452654,343.0,0.432,21.9,,1.392,0.09011947797517628
synth_00003.npz,34,5019.258030000143,2422.32597,60.122,0.164,174.268,,1.646,1970.0056210429318
synth_00004.npz,22,2188.9648000001907,811.3,2.56,0.089,-10.8862,0.0991,0.785167,740.5185998454156
synth_00005.npz,41,2293.850700000301,7596.0,71.3,0.19,110.44,12.2,2.41,4608.005352727499
synth_00006.npz,30,748.9079999998212,4.36305,4.157,0.376,279.492,0.033,1.1,3.1828299704012344
synth_00007.npz,48,4049.9353199996985,6.1406325,8.97,0.25,31.67,,0.901,3.338201290404798
synth_00008.npz,63,16.21430000010878,649.918,11.4,0.24,168.84,0.48170406,1.04,607.7203995232987
synth_00009.npz,44,771.9129999997094,2.42629,2.89,0.0,90.0,,1.07,1.979497319829532
synth_00010.npz,89,4195.712999999989,2448.48726,113.94,0.377,271.934,,1.1,6.705182778115442
synth_00011.npz,44,3370.8835700000636,1733.0,5.9,0.37,90.0,0.23,0.58,1485.8816113262576
synth_00012.npz,35,216.39900000020862,1155.7,15.3,0.27,121.6,0.73,0.94,38.81484938052515
synth_00013.npz,19,6167.0641800002195,10.91647,2.7,0.05561,90.0,,0.99,7.965261791289092
synth_00014.npz,48,3563.2391900001094,16.20166,4.26,0.0,90.0,,0.8208,2.8459126420916565
synth_00015.npz,26,1128.873900000006,551.40002,33.5,0.15,90.0,2.01,1.84,475.9568750473059
synth_00016.npz,35,2597.924599999562,325.803,108.24,0.35,-82.17,3.76,1.15,176.40968994081481
synth_00017.npz,19,146.76072999974713,256.2,0.95,0.08,51.6,0.014,0.33,76.78618635567798
synth_00018.npz,36,3005.832088999916,12.8747099,221.0,0.131,82.0,,1.198,5.441975351356983
synth_00019.npz,55,2201.963160000276,0.54937097,2.18,0.0,90.0,,0.8048,0.015558005207264
synth_00020.npz,20,436.7545999996364,41.83156,6.675,0.05,318.187,0.12,1.08,5.1989633378881
synth_00021.npz,33,453.95807000016794,18.261608,5.25,0.0,90.0,0.06324167,0.896,12.246680176364515
synth_00022.npz,42,1859.9830000000075,5.12338,0.392,0.0,90.0,0.00081805,0.1221,3.3157977998092814
synth_00023.npz,48,310.18330000014976,48.36685,38.4,0.0,90.0,,1.194,29.764239379247083
synth_00024.npz,17,747.9602999999188,12.885779,2.1,0.0,90.0,,0.756,4.943984171479138
synth_00025.npz,29,4335.020000000019,3700.0,110.7,0.487,185.6,8.29,1.18,3689.6767624200806
synth_00026.npz,28,2689.783216000069,1.682795,325.0,0.0,90.0,,1.204,1.650544803915946
synth_00027.npz,35,216.39900000020862,5.340888,3.4,0.089,90.0,,0.79,3.6614029584091283
synth_00028.npz,77,1118.6139500001445,10839.83341,80.473,0.313,96.716,,1.11,7050.870194732295
synth_00029.npz,15,274.20014999993145,124.64,1.68,0.22,323.0,0.04209819,1.07,85.80800049836198
synth_00030.npz,21,468.97252400033176,279.3,17.0,0.044,300.0,0.57,1.06,108.6257537173637
synth_00031.npz,154,869.7405300000682,989.2,18.1,0.15,212.0,0.94,1.11,133.63746276816917
synth_00032.npz,24,224.59419999970123,81.73778,2.09,0.21,90.0,,0.892,58.97285522334901
synth_00033.npz,44,3301.1345700002275,4.193649,1080.0,0.38,136.0,,1.496,2.203151629096005
synth_00034.npz,16,2574.980900000315,674.94,16.07,0.0,90.0,0.77,1.21,209.39465148976154
synth_00035.npz,19,146.76072999974713,3.8016122,156.0,0.0,90.0,,1.313,1.846957627326307
synth_00036.npz,34,328.06628999998793,4.5207265,27.1,0.0,90.0,,1.215,4.021131224169136
synth_00037.npz,22,465.8064030003734,842.2,14.0,0.22,45.0,0.74,1.25,786.6514491383535
synth_00038.npz,20,3343.880539999809,2751.53433,18.427,0.078,186.316,,2.058,984.4857668541098
synth_00039.npz,31,1235.716000000015,2.30538,2.72,0.0,90.0,0.00786588,0.297,1.3175934411677763
synth_00040.npz,200,5843.779229999986,48.056,10.9,0.05,75.0,0.21,1.12,15.467755457545476
synth_00041.npz,23,2633.819279999938,1.7100566,185.1,0.0,90.0,,1.239,1.0162866890231907
synth_00042.npz,28,2521.965199999977,1103.0,54.7,0.03,17.19,3.07,1.12,372.716081734368
synth_00043.npz,23,1089.966899999883,51.76,1.09,0.02,355.2,0.0164,0.77,20.270199467337626
synth_00044.npz,24,417.9093000004068,6.8500246,1710.0,0.34,37.0,,0.531,6.098401211981887
synth_00045.npz,29,2550.936900000088,40.87,3.17,0.07,8.0,0.05789287,1.126,9.283930847709229
synth_00046.npz,44,10.159900000318885,8.765528,2.8,0.0,90.0,,0.9698,5.462564365985556
synth_00047.npz,72,775.7690739999525,8500.0,89.0,0.37,38.0,,1.33,714.130420450271
synth_00048.npz,118,1076.0627649999224,492.3,8.79,0.096,314.0,0.33,0.961,409.91071388976775
synth_00049.npz,28,744.9494499997236,1.4520527,1.55,0.0,90.0,,0.6045,1.142908222554373
synth_00050.npz,17,2573.962799999863,45.791,3.33,0.12,215.3,0.05600478,0.95,10.960966164090271
synth_00051.npz,111,1968.6408219998702,2.18053332,184.0,0.03,73.0,,1.256,1.9112030697373101
synth_00052.npz,20,735.0319999996573,9.95581,117.3,0.101,2.37,,1.31,0.5830922265939019
synth_00053.npz,30,720.1207300000824,3700.0,110.7,0.487,185.6,8.29,1.18,1243.6331240189434
synth_00054.npz,139,6166.089680000208,433.8,42.0,0.079,360.0,1.964,1.41,65.19123273898118
synth_00055.npz,63,4194.6497000004165,8.1245,3.06,0.138,90.0,0.02800253,0.89,3.6587821843421318
synth_00056.npz,19,85.77539999969304,5.904137,3.48,0.0,90.0,,0.8889,4.701607588201215
synth_00057.npz,24,13.001265999861062,7.587266,1.114,0.0,90.0,,0.306,1.749943790463154
synth_00058.npz,23,2574.0136000001803,9.573083,2.7,0.0,90.0,,1.098,0.49800423285758155
synth_00059.npz,45,3644.906899999827,10.590547,15.7,0.13,92.0,,1.146,4.284425273566367
synth_00060.npz,18,712.1036999998614,3.332609,44.0,0.009,90.0,,1.336,0.661566358748945
synth_00061.npz,43,1065.091310000047,213.72,51.5,0.081,76.0,2.194,1.75,19.395740909718732
synth_00062.npz,72,766.8777200002223,0.9263237,2.25,0.0,90.0,,0.413,0.5375756430171676
synth_00063.npz,72,775.7690739999525,272.7,101.0,0.85,10.0,1.3,0.65,81.45443541972018
synth_00064.npz,25,2.471729999873787,3.55395,97.4,0.0,90.0,,1.08,2.3882361965130032
synth_00065.npz,100,1496.903099999763,21.269084,2.25,0.3,37.0,,1.0861,4.243510737057222
synth_00066.npz,28,1647.6683000000194,3.0876262,253.0,0.045,90.0,,0.655,2.9088931233633577
synth_00067.npz,98,2580.1055490002036,1.977143,21.44,0.0,90.0,,0.42,0.7218750133740851
synth_00068.npz,48,9.056950000114739,10.311767,1.02,0.092,90.0,,0.803,1.087842742528067
synth_00069.npz,56,5988.716169999912,18.85019,3.64,0.0,90.0,,0.606,11.858808187072313
synth_00070.npz,200,2485.088944000192,37.92548,3.0,0.0,90.0,,0.8889,35.162781459284346
synth_00071.npz,23,2421.220610000193,2.45946,1.814,0.549,330.575,0.011,0.94,1.083089996937282
synth_00072.npz,58,1582.7720569996163,10.70871,112.5,0.029,193.0,1.15,0.92,10.222432765690934
synth_00073.npz,82,6079.23693000013,4.301219,45.9,0.044,113.0,,0.942,2.150161371853767
synth_00074.npz,200,2471.328303999733,4.61442,56.0,0.0,90.0,,0.91,1.962183471076071
synth_00075.npz,200,1975.6453129998408,499.39999,69.2,0.34,90.0,2.95,1.25,309.73459173434514
synth_00076.npz,30,1115.018980000168,25.2,300.0,0.58,344.0,3.6,1.0,25.076431931930166
synth_00077.npz,20,938.2294999998994,433.70001,191.3,0.19,90.0,5.63,0.72,411.5568813099456
synth_00078.npz,28,766.0391899999231,2127.60566,171.084,0.357,21.038,,0.98,978.7946422495214
synth_00079.npz,123,4348.061500000302,5.59,1.17,0.42,112.0,0.00840076,0.9,4.235704245273349
synth_00080.npz,24,804.9263900001533,456.1,71.0,0.08,98.0,3.09,1.25,226.87449141190302
synth_00081.npz,26,1151.8335000001825,108.45299,9.826,0.13,89.593,0.26,1.21,57.405486416698736
synth_00082.npz,81,6063.5775100002065,4.35301,55.5,0.0,90.0,,0.72,3.4205330130642113
synth_00083.npz,45,3690.789150000084,5.70588,1.92,0.038,-25.0,,0.439,2.365976517721535
synth_00084.npz,53,2801.23794899974,3.583893,17.7,0.376,90.0,,1.056,2.6323105315486246
synth_00085.npz,43,401.9543000003323,393.1,28.84,0.0,90.0,0.9344665,0.853,279.55026533777067
synth_00086.npz,55,1450.9473999999464,109.75,287.0,0.395,211.7,,1.47,102.29355060581827
synth_00087.npz,31,2551.9576500002295,5219.681854,11.67149,0.015283,90.0,0.93944088,0.916,599.9117803687774
synth_00088.npz,29,1212.688099999912,4.8854892,42.9,0.0,90.0,,1.359,3.5615954811130455
synth_00089.npz,77,6166.097529999912,61.376,1.28,0.0,90.0,0.02126934,0.789,56.92157104326099
synth_00090.npz,59,4034.039850000292,4850.0,138.0,0.71,111.0,7.79,0.935,4694.442021134535
synth_00091.npz,21,564.6361459996551,2.85310198,3.15,0.25,90.0,,0.519,0.041958587815178944
synth_00092.npz,20,2525.1915099998005,21.05704,3.43,0.22,96.0,,1.091,18.1857039259047
synth_00093.npz,137,1528.8761999998242,20.2729914,80.0,0.063,137.0,,0.918,19.89175860898765
synth_00094.npz,15,1452.1186999999918,4.637038,51.0,0.581,90.0,,1.415,4.438619976842864
synth_00095.npz,21,2511.0481000002474,1.43263,3.23,0.0,90.0,0.00478245,0.137,0.2131237868446435
synth_00096.npz,54,2958.899670000188,1.79058695,277.0,0.05,23.8,,0.458,1.7415764612253628
synth_00097.npz,26,1886.9171549999155,5.70588,1.92,0.038,-25.0,,0.439,5.077865488674604
synth_00098.npz,59,4034.039850000292,50.77,1.7,0.0,90.0,0.01919275,0.495,41.751919224361686
synth_00099.npz,41,3330.9341000001878,46.859,3.34,0.138,173.0,,0.81,22.49175412171121
synth_00100.npz,98,2213.0737469997257,3.03007,115.2,0.0,90.0,,1.04,0.7041062126114653
synth_00101.npz,16,826.9228999996558,5.39792,3.6,0.06,90.0,0.02,0.65,4.328487213475128
synth_00102.npz,72,775.7690739999525,5.508023,27.1,0.084,120.0,,0.77,5.086825361281025
synth_00103.npz,200,5078.039458999876,1062.26506,328.305,0.63,249.249,,1.81,282.7008896643885
synth_00104.npz,17,2576.0055999998003,1.51214,1230.0,0.0,90.0,,1.13,0.8149442751418138
synth_00105.npz,31,2562.9272219999693,6.0881,125.8,0.09,90.0,0.98,0.82,2.695523498079845
synth_00106.npz,44,1565.9580000001006,12.904,1.05,0.082,330.8,0.01167297,1.0,12.013847445420824
synth_00107.npz,29,2552.957020000089,26.233,8.72,0.016,189.6,0.10420717,0.74,1.0627174866062057
synth_00108.npz,41,1740.2172999996692,9.3745,2.646,0.396,201.9,0.02271666,0.86,6.862192081182428
synth_00109.npz,30,1914.7390000000596,2058.0,38.29,0.359,283.903,1.78,0.71,1264.3801422210352
synth_00110.npz,95,5224.776229000185,2.724033,182.0,0.0,90.0,,2.03,0.0772681906262801
synth_00111.npz,18,2210.938000000082,10.8985,25.1,0.53,308.0,0.261,1.22,7.8384166941522295
synth_00112.npz,18,80.8902000002563,578.2,121.4,0.21,108.5,4.2,0.8,9.246418010529316
synth_00113.npz,200,2252.93542300025,4098.1,238.7581346651719,0.0,90.0,12.0,0.51,3106.159002756878
synth_00114.npz,35,386.97384199965745,2.24375,993.0,0.09,90.0,,1.62,1.1505023853192875
synth_00115.npz,16,3621.940700000152,257.8,1.47,0.32,90.0,0.03303653,0.681,239.5230681214682
synth_00116.npz,30,449.8299340000376,14.339156,1.93,0.08,135.0,,1.126,0.9475672293959966
synth_00117.npz,21,17.08169999998063,5370.0,26.0,0.17,123.0,2.03,0.874,4517.873791518498
synth_00118.npz,33,1293.6360069997609,94.44,19.23,0.04,-90.0,0.451,1.07,6.298204427965056
synth_00119.npz,67,5455.066579999868,5.59,1.17,0.42,112.0,0.00840076,0.9,1.9246927815150596
synth_00120.npz,111,324.2223500004038,9.6412,1.73,0.0,90.0,0.01610932,0.836,4.14859613445545
synth_00121.npz,34,2554.978200000245,514.0,33.0,0.41,149.0,1.14,0.96,496.5559095230121
synth_00122.npz,111,1968.6408219998702,1.9495378,3.13,0.0,90.0,,0.236,1.0960922287880133
synth_00123.npz,72,865.6983519997448,8.112245,12.5,0.36,90.0,,0.372,2.099973001627929
synth_00124.npz,25,738.0260000000708,11.681,1.411,0.093,96.0,0.01544859,0.98,2.8230140163360433
synth_00125.npz,63,3258.90914000012,3.792622,74.4,0.054,90.0,,0.612,3.36829708153506
synth_00126.npz,119,4361.976724999957,4.030467,49.0,0.0,90.0,,0.889,0.9103592775448881
synth_00127.npz,51,1953.8163999998942,25.1967,0.747,0.0,90.0,0.00905201,0.77,3.1383675565198876
synth_00128.npz,69,3326.910544999875,1.565409,7.0,0.0,90.0,,0.22,0.45135556199647503
synth_00129.npz,44,1565.9580000001006,2.484193,146.0,0.0,90.0,,1.14,1.4560428147463371
synth_00130.npz,27,1874.8628469998948,21.61389,38.53,0.428,295.0,,1.117,11.976051164017772
synth_00131.npz,64,2263.821076999884,7.148972,1895.9,0.0339,104.7,,1.334,5.788599665098722
synth_00132.npz,19,6167.0641800002195,15.532477,2.12,0.111,130.0,0.01290004,0.3527,8.705579833589185
synth_00133.npz,26,603.5751180001535,2.527093,5.67,0.3,90.0,,0.471,0.728867232040611
synth_00134.npz,44,2556.0183299998753,6.8500246,1710.0,0.34,37.0,,0.531,2.8283501046141453
synth_00135.npz,34,2554.978200000245,1675.0,326.0,0.6,65.0,17.0,1.14,1370.3526263762749
synth_00136.npz,39,1610.8188000000082,4.0782387,349.0,0.025,71.97,,1.35,2.555042900840334
synth_00137.npz,200,5457.0689099999145,34.369,2.03,0.14,-126.0,0.0189725,0.455,32.96253950186839
synth_00138.npz,31,322.0594000001438,1.44044527,837.1,0.009,90.0,,0.563,0.5321068366741473
synth_00139.npz,86,1136.1510760001838,2.616235,1.77,0.0,90.0,,0.313,1.44576157522866
synth_00140.npz,28,2521.965199999977,111.436765,469.22,0.93183,-58.887,,1.05,66.18499168297924
synth_00141.npz,70,1460.0976999998093,2.002849,384.0,0.0,90.0,,0.666,1.6989991982024955
synth_00142.npz,23,1209.7193999998271,1862.0,12.8,0.16,0.0,0.696,0.85,270.87172810332214
synth_00143.npz,29,433.93319999985397,1.8882378,1460.0,0.18,90.0,,1.78,0.7675881839385418
synth_00144.npz,50,867.803201999981,33.874,1.13,0.159,240.0,0.01623518,0.86,30.82394986734865
synth_00145.npz,88,419.07591000013053,133.40355,509.454,0.647,265.742,9.432,0.94,5.745275822452854
synth_00146.npz,21,536.6400699997321,3.6849729,20.7,0.14,276.0,0.174,1.201,3.031650347128642
synth_00147.npz,19,146.76072999974713,94.2,1.8,0.0,0.0,0.034,0.794,39.12917632036936
synth_00148.npz,32,1359.9294600002468,3.7521,63.4,0.0,90.0,,1.18,3.113507533161969
synth_00149.npz,118,166.6404760000296,1.645321,114.0,0.0,90.0,,1.156,0.01637844794201441
synth_00150.npz,15,358.0299999997951,31.1515,1.97,0.067,92.0,0.0296701,0.967,11.371735383406767
synth_00151.npz,25,2575.945900000166,4.11377,63.0,0.0,90.0,0.41,0.76,0.3234658879908943
synth_00152.npz,43,1264.7351299999282,8.59545,3.86,0.078,-28.0,,0.678,5.609515960172758
synth_00153.npz,23,722.9440299002454,49.41,0.39,0.23,7.45,0.0057578,0.783,13.53088396180412
synth_00154.npz,15,2521.969399999827,224.77833,22.2,0.176,-141.0,,1.118,157.94095901394877
synth_00155.npz,73,822.1295899995603,695.69,71.39,0.0826,11.3,1.688,0.402,656.5932147093432
synth_00156.npz,35,1821.0156000000425,434.5,75.8,0.2,211.99,2.89,1.02,55.10203093251215
synth_00157.npz,28,1647.6683000000194,2.34121,148.2,0.0,90.0,,1.43,2.024627592975246
synth_00158.npz,95,1976.7400000002235,22.26492,47.9,0.05724,90.0,,0.99,1.3239645782494078
synth_00159.npz,23,1209.7193999998271,4.20474,61.0,0.0,90.0,,1.09,1.6010409871151292
synth_00160.npz,139,6166.089680000208,6.790123,682.9,0.035,90.0,,1.512,2.9182187376120603
synth_00161.npz,22,2282.896594000049,7.3744897,5.1,0.03,170.0,,0.711,3.6050159479730497
synth_00162.npz,55,3172.274999999907,41.96797,0.83,0.059,164.0,,0.935,40.98014143314226
synth_00163.npz,24,392.01123999990523,29.65,1.01,0.096,90.0,0.01349785,0.821,22.99924372721921
synth_00164.npz,200,772.9633000004105,1.0376109,1.6,0.0,90.0,,1.0844,0.32047376610275885
synth_00165.npz,18,526.8769090003334,15.79,4.5,0.0,90.0,0.06292704,1.178,4.260722843057634
synth_00166.npz,24,515.8303999998607,3.06785234,109.0,0.002,94.0,,0.577,2.647925338123476
synth_00167.npz,29,778.0411219997332,2088.8,196.1,0.642,-30.1,9.89,1.07,1840.8744224144868
synth_00168.npz,32,3385.8029840001836,0.279221,2.69,0.0,90.0,,0.269,0.14259998118440217
synth_00169.npz,23,1209.7193999998271,9.62468,507.0,0.434,-1.9,,0.95,3.3137362358784723
synth_00170.npz,58,1582.7720569996163,4.640382,35.4,0.067,240.0,,0.886,4.616796553893656
synth_00171.npz,158,5841.869200000074,3.6127647,399.6,0.0,90.0,3.91,1.458,1.1414296878972758
synth_00172.npz,16,362.0337700000964,2.7858212,2.7,0.0,90.0,,1.408,0.5090040187160509
synth_00173.npz,21,707.0095399999991,491.54,47.9,0.23,41.83,2.3,1.38,432.60343054580244
synth_00174.npz,17,103.80670000007376,428.5,57.5,0.031,126.0,2.75,1.46,348.08571809067234
synth_00175.npz,144,4325.298168489244,439.29999,14.1,0.09,90.0,0.44,0.76,293.4038091886005
synth_00176.npz,29,2550.936900000088,5.340888,3.4,0.089,90.0,,0.79,5.118779864999282
synth_00177.npz,40,2944.017378000077,18144.76236,24.767,0.138,31.179,,1.14,16796.8710167435
synth_00178.npz,200,809.0263200001791,559.3,233.0,0.048,130.0,10.0,1.15,418.49538789667105
synth_00179.npz,16,1147.9715999998152,2840.0,475.6,0.8369,198.6,16.35,0.839,2444.392003115405
synth_00180.npz,21,1955.7999999998137,1.36414864,204.0,0.033,-100.0,,0.987,0.3371448896908361
synth_00181.npz,74,3652.108600000385,14.85888,7.3,0.0,90.0,,0.972,2.0987656394056002
synth_00182.npz,22,465.8064030003734,402.4,42.7,0.195,100.0,,1.57,269.6328881643302
synth_00183.npz,21,10.044379999861121,615.0,7.8,0.19,90.0,0.27,0.77,439.49040004267295
synth_00184.npz,52,1595.6599999996834,4343.5,90.43824580854285,0.0,90.0,4.2,0.44,725.5943961657993
synth_00185.npz,56,0.16312000015750527,1.527561,8.62,0.0,0.0,,0.419,0.6042378636613575
synth_00186.npz,42,3357.916222000029,1270.55195,30.023,0.752,336.427,,1.196,1156.5272387645525
synth_00187.npz,80,1984.7170000001788,6.90683,53.4,0.08,54.0,,1.53,3.8774996633389063
synth_00188.npz,15,4047.027370000258,4.2042001,102.8,0.092,90.0,,1.1955,2.431439911366627
synth_00189.npz,96,3332.926669999957,9.485236,1000.0,0.02,117.0,,0.644,1.8413667104955795
synth_00190.npz,21,436.92562999995425,1291.5646,1.65,0.11,-132.73,0.0922,1.095,679.3917151272465
synth_00191.npz,31,2211.7569999997504,5.1750073,81.0,0.061,121.0,,0.897,2.7087785353422205
synth_00192.npz,118,166.6404760000296,5387.0,19.9,0.196,89.0,,0.77,479.09629400666716
synth_00193.npz,200,3684.055910000112,1123.0,27.4,0.209,21.0,1.52,1.3,1102.721644381291
synth_00194.npz,22,2282.896594000049,4.0378962,59.1,0.09,-128.34,,1.0,2.3072361237770895
synth_00195.npz,28,1140.9583000000566,14010.2941,29.11,0.109,48.185,,0.94,89.790330979377
synth_00196.npz,41,2293.850700000301,4.153658,50.0,0.0,90.0,,1.08,3.209320535863445
synth_00197.npz,46,2225.965605000034,362.5,29.6,0.17,271.0,1.27,1.37,354.6213212670528
synth_00198.npz,74,3652.108600000385,7.29903,7.826,0.065,141.983,0.064,0.79,4.305479032815467
synth_00199.npz,29,433.93319999985397,3.53269,70.0,0.02,90.0,,1.46,1.1293361196794078
synth_00200.npz,61,1785.1314600002952,6.905,3.29,0.121,112.7,0.02246484,0.63,1.2947407771003547
synth_00201.npz,15,410.8739999998361,3.0766891,23.7,0.17,90.0,,0.166,2.069155364031722
synth_00202.npz,20,749.0001099999063,4.6455,1.89,0.0,90.0,0.013,0.772,0.9063714195310878
synth_00203.npz,17,707.3340900000185,7.713057,150.0,0.32,17.0,,1.094,4.455739643200122
synth_00204.npz,17,103.80670000007376,1.3373508,13.7,0.0,0.0,,0.75,0.8054050443226336
synth_00205.npz,44,771.9129999997094,1.6091788,194.0,0.057,90.0,,1.435,1.5487108380861796
synth_00206.npz,56,3149.272928999737,670.0,36.6,0.0,90.0,1.4,0.83,48.41772790501744
synth_00207.npz,20,415.80278000002727,3.21346,9.3,0.0,90.0,,1.223,1.6066426699140242
synth_00208.npz,17,184.80300000030547,1.22003,1.43,0.19,90.0,0.00560048,0.681,0.9078212476492094
synth_00209.npz,34,800.0745599996299,6.87188,252.0,0.03,90.0,,1.76,1.2178808933329983
synth_00210.npz,72,865.6983519997448,988.88112,190.0,0.92,82.4,,1.132,383.75186436181497
synth_00211.npz,23,839.8808600003831,5823.0,22.7,0.18,58.9,2.21,1.19,366.2404875032981
synth_00212.npz,21,1405.1162999998778,16.491,18.21,0.1,267.0,0.28880364,1.41,11.970501324526335
synth_00213.npz,43,1065.091310000047,3.8361623,18.7,0.0,90.0,,0.8712,0.3366918583374123
synth_00214.npz,28,804.8573400001042,2822.72698,100.067,0.115,315.896,,1.05,1115.2360247563265
synth_00215.npz,27,1874.8628469998948,1.580404531,14.38,0.0062,77.0,0.02646082,0.182,1.3805191241542465
synth_00216.npz,127,6167.035930000246,16.8124,2.84,0.0,90.0,0.03067693,0.789,7.940502181575893
synth_00217.npz,35,2307.7513590003364,653.9,76.2,0.479,64.6,,0.77,596.7634824077751
synth_00218.npz,63,4194.6497000004165,3.126089,149.0,0.0,90.0,0.961,0.85,2.3943250766751936
synth_00219.npz,30,720.1207300000824,3.98442,2.89,0.075,196.0,,1.019,3.647035093148522
synth_00220.npz,153,3277.007100000046,11.759,8.3,0.0,90.0,,0.91,1.4981319834060896
synth_00221.npz,24,224.59419999970123,144.3,42.7,0.09,166.0,1.98,2.42,10.615127239210203
synth_00222.npz,17,829.9180000000633,49.41,0.39,0.23,7.45,0.0057578,0.783,3.4748201888550643
synth_00223.npz,95,816.7536309999414,3.37796,102.0,0.233,90.0,,1.275,2.9349550521334704
synth_00224.npz,41,680.0663300002925,7600.0,2.5,0.27,-58.4,0.1132681,0.38,4818.931843040568
synth_00225.npz,47,4439.8991299998015,17.24,5.0,0.2,77.0,0.0696,1.2,8.560896001092225
synth_00226.npz,17,81.77910900022835,0.6047328,10.95,0.0,90.0,,0.604,0.09890006799806286
synth_00227.npz,42,846.6784100001678,10.77,3.92,0.33,-37.0,0.01258541,0.1774,7.256109124322737
synth_00228.npz,27,774.9306370001286,8.2148282,82.5,0.045,90.0,,1.42,2.6124582057659986
synth_00229.npz,31,1235.716000000015,5.101284,7.48,0.577,33.2,0.03382328,0.5271,3.6264000724007524
synth_00230.npz,37,3622.0702999997884,2.103189,146.0,0.011,90.0,,1.467,0.96821426376514
synth_00231.npz,15,3708.78582999995,3.65281514,74.5,0.023,287.0,0.569,1.012,1.8536935896907374
synth_00232.npz,24,2081.3287599999458,12.2737,2.78,0.04,62.0,0.02989019,0.917,9.69212030049271
synth_00233.npz,23,1166.9500000001863,149.4,273.3,0.445,-167.77,4.05,0.505,13.856174043193084
synth_00234.npz,30,720.1207300000824,1.8587033,2.6,0.0,90.0,,0.93,1.075740340030455
synth_00235.npz,86,980.2443000003695,3.52563254,188.0,0.22,90.0,,0.87,0.6953779482114992
synth_00236.npz,96,3332.926669999957,1.38665318,645.0,0.0,90.0,,1.05,1.120605396777155
synth_00237.npz,51,1772.123900000006,1.6753728,-404.0,0.0,90.0,,1.017,0.8189993523187794
synth_00238.npz,41,680.0663300002925,2.7886556,99.2,0.064,90.0,,0.6017,2.757130778090037
synth_00239.npz,25,2556.962499999907,305.5,350.2,0.031,137.4,20.6,2.3,55.88918568843207
synth_00240.npz,95,5224.776229000185,20.6532,61.06,0.149,58.73,0.85,1.08,19.889426904814513
synth_00241.npz,86,2721.6383500001393,3.036179,3.5,0.0,90.0,,0.22,2.43172748729329
synth_00242.npz,81,3461.5664499998093,22.6786,2.2,0.12,-91.04,0.0259,0.8,10.914314297631886
synth_00243.npz,57,1442.0168129997328,20.519617,2.32,0.0,90.0,,0.798,16.69340741341954
synth_00244.npz,26,1760.2483740001917,20.432,2.75,0.07,17.2,0.0299,0.77,12.317408831886489
synth_00245.npz,55,473.69499999983236,18.27,3.48,0.29,173.73,0.0303623,0.59,11.969061839122517
synth_00246.npz,56,2986.802799999714,511.21,45.48,0.16,291.68,2.18,1.37,467.0878548036443
synth_00247.npz,27,335.04171100025997,11.06201,3.5,0.0,90.0,,0.249,0.7220219990458695
synth_00248.npz,24,392.01123999990523,101.54,495.2,0.28,288.94,10.78,0.97,84.784702229936
synth_00249.npz,28,17.107529999688268,811.3,2.56,0.089,-10.8862,0.0991,0.785167,309.76633098660955
synth_00250.npz,16,2574.980900000315,13.5052,1.49,0.305,90.0,0.01758802,1.02,4.396558654563234
synth_00251.npz,28,590.7097999998368,5370.0,26.0,0.17,123.0,2.03,0.874,5337.923761397616
synth_00252.npz,42,3419.7494700001553,2.499387,103.0,0.164,-146.0,,1.07,1.9524973854131726
synth_00253.npz,24,1208.6984999999404,1039.15,73.89,0.197,241.889,3.532,0.968,504.54383946280865
synth_00254.npz,52,1595.6599999996834,2.7667641,158.0,0.142,90.0,,0.967,1.169313074868653
synth_00255.npz,54,1298.6104999999516,4.7228124,399.0,0.079,56.0,,0.759,4.144404398009751
synth_00256.npz,41,3237.1162849999964,1.38665318,645.0,0.0,90.0,,1.05,0.1203821186280766
synth_00257.npz,35,3401.768880000338,20324.58153,191.439,0.565,240.318,,1.15,14398.31478227712
synth_00258.npz,15,3987.0305599998683,1818.0,22.6,0.2,280.0,0.93,0.585,1434.6831058959554
synth_00259.npz,24,346.94951000018045,3.007812,414.0,0.089,90.0,,1.21,2.4038324612666866
synth_00260.npz,48,2825.001649999991,50.790391,90.4,0.0323,305.0,,1.129,16.36906876364543
synth_00261.npz,70,2036.5989999999983,6.71837,14.0,0.0,90.0,,1.08,5.352116786185611
synth_00262.npz,54,2686.7478710003197,29.090312,59.82,0.044,-53.0,,0.632,6.554874676636964
synth_00263.npz,69,3333.8262000000104,18.1991,22.4,0.399,155.5,0.329,1.38,6.593678621663722
synth_00264.npz,20,2952.8144800001755,86.67856,50.0,0.2,4.35,,0.98,36.18380124059407
synth_00265.npz,19,85.77539999969304,1.44044527,837.1,0.009,90.0,,0.563,0.779871450050848
synth_00266.npz,29,778.0411219997332,1313.0,11.8,0.15,61.0,0.68,1.13,147.86174285475158
synth_00267.npz,50,1050.1698980000801,121.54,2.27,0.23,3.9,0.022,0.281,49.46043568970127
synth_00268.npz,29,955.1699999999255,16.432,2.12,0.0,90.0,0.02517081,0.9342,0.004940939836957213
synth_00269.npz,63,36.083600000012666,1193.3,46.8,0.19,-67.3,3.04,1.68,888.2695207503513
synth_00270.npz,95,5224.776229000185,36.9987,130.06,0.0796,292.7,2.55,1.32,31.518301313981603
synth_00271.npz,136,4687.106219999958,20.8133,12.0,0.12,90.0,0.17,1.06,2.8916267170324077
synth_00272.npz,16,264.09880000026897,3.89713,126.0,0.047,90.0,,1.21,2.742744634982716
synth_00273.npz,49,1286.6270779999904,4.6955507,2.18,0.0,90.0,,0.514,3.8555311814836077
synth_00274.npz,81,845.7081699999981,2.663416,115.56,0.012,90.0,,0.65,2.6150172643899015
synth_00275.npz,53,2801.23794899974,42.8961,1.57,0.0,90.0,,0.88,36.19532434242514
synth_00276.npz,66,3556.2334259999916,11.724128,4.91,0.136,2.3,0.04876845,0.77,4.972278720975743
synth_00277.npz,81,1944.7939999997616,6.1406325,8.97,0.25,31.67,,0.901,6.015908323357423
synth_00278.npz,18,2210.938000000082,2.686502,485.0,0.0,90.0,,0.97,2.6166110516046617
synth_00279.npz,18,0.19939100043848157,1.360029395,327.21,0.01353,-88.29,,0.903,0.685015497297591
synth_00280.npz,22,2188.9648000001907,110.9,5.1,0.3,110.0,0.15,1.47,83.55722112895509
synth_00281.npz,15,2102.1965999999084,7.78993,1.43,0.0,90.0,,0.73,7.118731462537202
synth_00282.npz,120,5963.817784999963,22.65398,584.0,0.676,12.6,,0.99,10.786626245438693
synth_00283.npz,55,3788.7070899996907,2.2554477,110.5,0.0,90.0,,1.147,1.9482246907740657
synth_00284.npz,23,4839.753000000026,3.66003639,74.1,0.039,-48.0,,1.187,2.5677664818665735
synth_00285.npz,38,822.7209199997596,3.5379559,2.04,0.0,90.0,,0.901,1.0398910555782963
synth_00286.npz,28,1559.8583000004292,242.4,39.0,0.022,-121.0,1.45,1.338,186.078910243994
synth_00287.npz,37,485.8127000001259,123.01,3.25,0.35,314.0,0.072,0.942,70.19993550857698
synth_00288.npz,42,1644.6949999998324,1192.77951,137.999,0.314,243.89,,1.795,111.93657612805384
synth_00289.npz,19,6167.0641800002195,1.46712127,3.389,0.00086,14.0,0.00871,0.312,0.5742025480932403
synth_00290.npz,55,1450.9473999999464,19.98,3.61,0.168,46.0,,0.859,1.4733454476881624
synth_00291.npz,81,881.7038759998977,3.31211,75.17,0.0,90.0,,1.07,1.5771173605406432
synth_00292.npz,19,85.77539999969304,4.3888497,37.5,0.173,330.0,,0.837,1.8807959306361886
synth_00293.npz,41,1951.6558999996632,1.1980035,2.21,0.0,90.0,,0.36,0.5076389397596464
synth_00294.npz,122,3722.800028000027,4.1480467,55.9,0.071,90.0,,0.7133,2.4320012469210863
synth_00295.npz,20,2525.1915099998005,1.2392495,9.2,0.0,90.0,,0.505,0.15204433927786892
synth_00296.npz,52,1595.6599999996834,4540.0,11.4,0.103,24.0642,0.84,0.875104,4239.310851204066
synth_00297.npz,61,1785.1314600002952,4.78503,7.26,0.0,90.0,0.06276941,1.068,3.273201915552475
synth_00298.npz,200,4365.016459999606,428.5,57.5,0.031,126.0,2.75,1.46,352.99031207130264
synth_00299.npz,74,3652.108600000385,603.95116,4.42,0.373,118.3,0.09250228,1.0,541.6241445151271
synth_00300.npz,56,5988.716169999912,1.0528573,2.71,0.0,90.0,,0.727,0.6141527696397242
synth_00301.npz,117,1511.9623030000366,44.3936,10.17,0.088,31.0,0.17808352,1.015,1.7854316115504816
synth_00302.npz,34,800.0745599996299,25.2,300.0,0.58,344.0,3.6,1.0,17.9294679677675
synth_00303.npz,20,749.0001099999063,417.9,129.4,0.11,133.1,6.7,1.7,237.79590449665736
synth_00304.npz,40,2944.017378000077,1624.0,18.2,0.239,27.0,0.99,0.95,1341.3545288047283
synth_00305.npz,155,2767.6150000002235,480.5,146.2,0.07,22.1,6.0,1.1,255.70310750442235
synth_00306.npz,32,2870.0961199998856,3.79701816,34.0,0.33,90.0,,0.93,3.08790259861061
synth_00307.npz,147,861.7265729997307,2.8807198,108.7,0.0,90.0,,1.056,2.8721072920577297
synth_00308.npz,22,2188.9648000001907,1.9000693,590.0,0.08,90.0,,0.95,0.6660784350474153
synth_00309.npz,24,346.94951000018045,11.8482,3.84,0.36,-92.74,0.0367,0.875,2.026296225652951
synth_00310.npz,54,3401.8885999997146,836.4,7.94,0.0,0.0,0.45,1.35,327.5968022632443
synth_00311.npz,27,335.04171100025997,4789.87297,268.248,0.811,145.683,,1.04,3607.0137915163778
synth_00312.npz,37,2765.389098000247,3.105161,97.7,0.062,90.0,,1.257,1.3638765492780707
synth_00313.npz,28,2689.783216000069,4.754,5.4,0.0,90.0,,0.75,2.7971590402264868
synth_00314.npz,33,1325.5770000000484,11.53533,32.0,0.251,2.1,,1.324,1.4691220019122098
synth_00315.npz,162,770.9568119999021,3.547851,125.7,0.0,90.0,,1.209,2.576178024390633
synth_00316.npz,23,2633.819279999938,3.97097,27.6,0.09,90.0,0.21,0.99,1.1121988153398132
synth_00317.npz,49,1791.2528729997575,3.446459,254.1,0.12,90.0,,0.986,0.6569556066124722
synth_00318.npz,20,2511.0809999997728,1733.0,5.9,0.37,90.0,0.23,0.58,1495.4923475446762
synth_00319.npz,18,655.0333000002429,29.671,3.5,0.0,90.0,0.03901476,0.629,16.746692815469146
synth_00320.npz,15,1326.3148000002839,36.441,2.54,0.31,178.0,0.04238136,1.079,17.65562595803971
synth_00321.npz,73,822.1295899995603,4.8101069,38.0,0.0,90.0,,1.73,4.323438395105716
synth_00322.npz,44,2513.0807410003617,21.85849,3.095,0.109,305.399,0.05,1.29,1.880101973515065
synth_00323.npz,35,386.97384199965745,11.8143,9.2,0.22,-13.0,0.11,1.157,8.22457752266241
synth_00324.npz,155,2767.6150000002235,3.2130598,35.8,0.0,90.0,,0.733,1.0538267103545957
synth_00325.npz,52,528.6399999996647,5.508023,27.1,0.084,120.0,,0.77,0.9661609373420762
synth_00326.npz,35,842.5455199996941,3.2642736,162.0,0.312,90.0,,1.561,2.2027274184038292
synth_00327.npz,22,1035.1830000001937,4.62332,1.0,0.0,90.0,,1.07,1.6774419818636297
synth_00328.npz,55,2542.095590000041,522.2,170.0,0.21,13.0,8.4,1.44,172.2716037283333
synth_00329.npz,83,548.6837500003166,1488.79123,260.287,0.821,313.959,,1.26,1404.9391808192138
synth_00330.npz,28,0.13901999965310097,34.15,4.05,0.25,108.0,0.04530724,0.62,6.806038334204452
synth_00331.npz,76,3779.725790000055,4.21802091,39.7,0.0,90.0,,0.961,2.160359198310752
synth_00332.npz,23,839.8808600003831,11.6334681,17.4,0.274,145.0,,1.107,0.2793568039890403
synth_00333.npz,21,2552.0558699998073,16.553,2.63,0.29,4.3,0.03215572,1.05,2.7042320125900354
synth_00334.npz,15,315.1588900000788,2.543371,131.4,0.074,95.0,,0.632,2.246861587980326
synth_00335.npz,122,3722.800028000027,8241.0,20.7,0.76,118.2,1.35,1.0,6504.189045150305
synth_00336.npz,23,1089.966899999883,2.9223,55.6,0.068,0.285,,1.538,1.6272403525847756
synth_00337.npz,76,2500.030999999959,4.5195064,35.7,0.0,90.0,,1.04,1.0053795468846871
synth_00338.npz,24,151.75,77.144,2.16,0.074,148.0,,0.806,43.026879513738066
synth_00339.npz,24,417.9093000004068,9.3745,2.646,0.396,201.9,0.02271666,0.86,0.11386760905206089
synth_00340.npz,15,2575.9330000001937,5387.0,19.9,0.196,89.0,,0.77,3840.8966898625786
synth_00341.npz,59,2381.7039999999106,4.601088,3.762,0.235,295.5,0.03272206,1.16,3.2978329553336025
synth_00342.npz,33,3530.246320000384,13.8508,2.52,0.363,43.0,0.01771387,0.515,8.948240412412867
synth_00343.npz,18,1470.0067300000228,0.4465697,1.95,0.0,0.0,,0.806,0.2730053328351713
synth_00344.npz,81,881.7038759998977,3.560829,82.6,0.191,90.0,,1.097,0.26249161106599933
synth_00345.npz,23,447.87538200011477,0.765548,29.7,0.0,90.0,,0.97,0.18863559679503625
synth_00346.npz,129,877.7414190000854,1066.0,9.3,0.27,246.0,0.35,1.0,612.2869992723954
synth_00347.npz,65,2917.998738999944,1.90261131,192.0,0.0,90.0,,1.88,0.7499841992989043
synth_00348.npz,63,16.21430000010878,25.575,0.78,0.071,280.0,,0.742,25.370994070970454
synth_00349.npz,17,2552.886119999923,5.4693827,1002.5,0.342,73.1,,0.645,5.0523168768331335
synth_00350.npz,71,2557.086099999957,1278.0,13.8,0.411,136.0,5.69,1.72,194.26609942380233
synth_00351.npz,85,3503.680349999573,15.3889274,2.01,0.021,90.0,,0.94,9.078860729144601
synth_00352.npz,16,3621.940700000152,2.647298,166.0,0.016,90.0,,0.617,1.8430888579574685
synth_00353.npz,42,3419.7494700001553,10.8540774,3.38,0.076,90.0,,0.929,1.4820527872820848
synth_00354.npz,18,0.19939100043848157,712.13,113.0,0.2,260.8,7.32,2.1,222.6087381701571
synth_00355.npz,54,3401.8885999997146,9.139703,4.7,0.18,-119.0,,1.204,6.543276493298482
synth_00356.npz,81,881.7038759998977,4.5445828,28.03,0.06,-112.0,,0.298,4.095160342310216
synth_00357.npz,38,2024.592499999795,5.7987,137.0,0.091,90.0,,1.548,1.9816631057503167
synth_00358.npz,94,455.9846299998462,55.99712,1.35,0.0039,39.0,,1.227,13.380159696822043
synth_00359.npz,43,401.9543000003323,4.7869491,309.0,0.0,90.0,,1.648,3.9338764878565984
synth_00360.npz,64,810.7964499997906,535.59998,251.0,0.35,90.0,12.89,1.61,313.3167118292197
synth_00361.npz,50,867.803201999981,38.06,1.48,0.55,101.0,0.02287398,0.686,18.13895533012162
synth_00362.npz,102,1480.9457259997725,1276.0,65.7,0.21,268.7,3.71,1.126,326.8474273419906
synth_00363.npz,47,2414.6953999996185,7.071392,0.66,0.094,90.0,,0.803,0.5137956653649479
synth_00364.npz,22,501.7293400000781,1145.0,12.0,0.11,90.0,0.66,1.1,20.485676927036675
synth_00365.npz,17,1601.7590000000782,1.87567,3.935,0.194,92.251,0.024,1.03,1.0878326685786557
synth_00366.npz,21,3422.7347500002943,322.03,35.33,0.208,-117.9,1.841,2.0,61.543241362347885
synth_00367.npz,24,13.001265999861062,4.927,68.0,0.0,90.0,0.57,1.0,4.806450984708944
synth_00368.npz,200,3167.150970000308,19.98,3.61,0.168,46.0,,0.859,2.147395023155222
synth_00369.npz,48,6167.104199999943,18.01939,55.265,0.047,156.983,0.619,0.81,8.146364191493614
synth_00370.npz,51,1945.686699999962,628.96,142.1,0.1,287.0,6.47,1.13,248.225225965751
synth_00371.npz,53,2801.23794899974,3.73543,59.2,0.0,90.0,,2.28,0.867783254125831
synth_00372.npz,30,1527.8300000000745,8.3249113,34.7,0.0,90.0,,1.142,6.233324996024952
synth_00373.npz,21,737.0183999999426,2.52221,3.662,0.399,84.352,0.023,1.14,1.6235585879665795
synth_00374.npz,28,744.9494499997236,3.0566527,140.0,0.136,90.0,,0.931,2.2183891875595476
synth_00375.npz,121,3399.698921999894,124.26,3.42,0.055,239.0,,0.32,10.289793640898433
synth_00376.npz,77,4845.79224999994,3549.0,38.23,0.2393,-95.9,2.851,1.033,1251.8863823065417
synth_00377.npz,36,3005.832088999916,6.180235,270.0,0.0,90.0,3.0,1.317,3.2126905601580207
synth_00378.npz,38,822.7209199997596,6.02976,1.17,0.0,90.0,,1.17,2.573026083618858
synth_00379.npz,46,1883.842100000009,12.089,2.47,0.092,157.0,0.02860034,1.046,0.49102570547961716
synth_00380.npz,75,4773.041399999987,487.08,25.57,0.0,90.0,1.21,1.28,94.50689273307835
synth_00381.npz,17,184.80300000030547,7.28243,0.675,0.0,90.0,0.0054117,0.77,6.882075849553061
synth_00382.npz,15,274.20014999993145,9.139703,4.7,0.18,-119.0,,1.204,1.4858390010370768
synth_00383.npz,48,9.056950000114739,2.64561,5.59,0.08,84.0,0.022,0.45,2.2541981712868426
synth_00384.npz,35,842.5455199996941,14.0726,3.95,0.09,117.45,0.0402,0.8,11.569607384650238
synth_00385.npz,26,86.90799999982119,2.5441765,108.0,0.0,90.0,,1.05,0.9955203813548309
synth_00386.npz,200,709.0146900000982,4.43527,293.44,0.06,90.0,,1.34,2.0703109420596664
synth_00387.npz,27,1.0839999997988343,24.646729,0.88,0.048,-180.0,,0.549,20.308949248657687
synth_00388.npz,111,1968.6408219998702,3.6089254,67.0,0.16,90.0,,1.24,2.4565461697830093
synth_00389.npz,200,2432.165634999983,41.6855,3.1,0.0,90.0,,1.67,34.88841812491403
synth_00390.npz,33,2742.651099999901,3.0927616,533.1,0.0,90.0,,0.75,2.3430656289526963
synth_00391.npz,54,2686.7478710003197,1.62116,2.14,0.0,90.0,,1.04,1.1206616716099305
synth_00392.npz,43,3190.207419999875,154.378,28.5,0.054,130.0,0.675,0.85,140.9431165371298
synth_00393.npz,23,2421.220610000193,1.32734683,334.7,0.0,90.0,,1.03,1.0921504398144906
synth_00394.npz,38,1654.6461900002323,44.505,2.71,0.0593,309.97,0.04750967,1.0,7.969184910881116
synth_00395.npz,18,265.0901100002229,1071.23205,23.7,0.29,90.0,,0.777,801.521824055046
synth_00396.npz,15,1326.3148000002839,1257.99159,64.237,0.261,228.102,,0.93,109.04437548816745
synth_00397.npz,24,874.7110000001267,4323.0,115.0,0.0,90.0,9.45,1.04,1840.9765267910552
synth_00398.npz,23,615.5995719996281,6.226185,2.4,0.089,288.0,,0.538,2.470250648516349
synth_00399.npz,42,3357.916222000029,1.0187068,256.0,0.0,90.0,,0.82,0.20595001207586522
synth_00400.npz,30,1914.7390000000596,0.882059,322.0,0.0,90.0,,0.767,0.8272876422183522
synth_00401.npz,25,2458.169397999998,2127.60566,171.084,0.357,21.038,,0.98,201.64739731721843
synth_00402.npz,17,747.0429000002332,1.4811235,276.0,0.0,90.0,,2.52,0.007256638675831554
synth_00403.npz,118,166.6404760000296,5.748913,2.702,0.097,283.4,0.02598887,1.16,1.8564436061542928
synth_00404.npz,20,172.75150000024587,31.56,2.66,0.13,221.0,0.0371,0.86,31.267903307692965
synth_00405.npz,18,46.88226099964231,1.8882378,1460.0,0.18,90.0,,1.78,0.49980734689890527
synth_00406.npz,21,1127.0420999997295,963.6,58.0,0.778,343.4,1.79,0.98,800.4569942528856
synth_00407.npz,28,910.780999999959,11.364929,101.63,0.124,46.4,,1.239,1.9674241936693615
synth_00408.npz,22,6167.106509999838,1.84683,290.5,0.0,90.0,,1.62,1.082941136992288
synth_00409.npz,15,1326.3148000002839,24.16,3.0,0.0,90.0,0.02831702,0.55,23.15516953793411
synth_00410.npz,47,4439.8991299998015,1051.44521,125.172,0.319,87.073,,0.626,753.3744083858244
synth_00411.npz,55,1450.9473999999464,0.9689951,494.0,0.0,90.0,2.74,1.211,0.9501074234588749
synth_00412.npz,32,2870.0961199998856,13.4586,5.13,0.49,109.0,0.03744159,0.62,7.73272811742975
synth_00413.npz,21,132.77859999984503,62.25,16.6,0.645,243.0,0.228,0.799,61.21258548295048
synth_00414.npz,30,720.1207300000824,2.76953,1.69,0.039,57.0,,0.439,2.3182268657595024
synth_00415.npz,33,4431.0,11611.2975,33.29,0.46,-25.71,3.67,1.15,9036.471682116755
synth_00416.npz,17,2552.886119999923,15.53,3.004,0.05,197.062,0.02084133,0.426,13.798247943735598
synth_00417.npz,69,3606.1718999999575,516.21997,189.7,0.08,90.0,14.74,2.78,325.98853209604624
synth_00418.npz,21,1405.1162999998778,3.7521,63.4,0.0,90.0,,1.18,1.3371154144595336
synth_00419.npz,31,1336.2092000003904,18.08816,2.91,0.5,90.0,,0.471,9.555657300941297
synth_00420.npz,66,300.2229100000113,270.27,242.24,0.453,28.6,7.902,1.234,61.216261941072396
synth_00421.npz,30,449.8299340000376,439.29999,14.1,0.09,90.0,0.44,0.76,341.5751258457919
synth_00422.npz,18,79.82730000000447,3.1481,1.8,0.012,226.0,,0.295,0.5354241309337612
synth_00423.npz,44,1795.098321000114,5.0505,130.9,0.02,90.0,1.09,0.97,2.9151382413567766
synth_00424.npz,81,845.7081699999981,695.69,71.39,0.0826,11.3,1.688,0.402,372.8195263188941
synth_00425.npz,25,2458.169397999998,2.7325321,174.0,0.0,0.0,,1.334,1.8359959785827809
synth_00426.npz,95,5224.776229000185,3.58572,54.0,0.0,90.0,,1.41,2.72689200656596
synth_00427.npz,55,59.86530000017956,8.0277327,8.0,0.062,-10.0,,1.119,0.8816689123271159
synth_00428.npz,45,1366.12099999981,7.331602,2.83,0.178,286.0,,0.83,4.581818404446912
synth_00429.npz,74,3652.108600000385,4.90634,2.09,0.03,338.0,0.00364977,0.097,2.031008304374274
synth_00430.npz,22,1101.6718999999575,3.738252,13.25,0.089,89.99,,1.12,2.296039745288599
synth_00431.npz,66,1582.7960850000381,18.859023,4.696,0.18,72.8,,0.635,13.087870460844247
synth_00432.npz,30,1277.6776000000536,464.4,25.0,0.119,301.0,1.26,1.54,271.89671962723276
synth_00433.npz,19,306.05009999964386,3.62156552,58.1,0.072,90.0,,1.165,2.654194946039593
synth_00434.npz,39,1870.7968629999086,74839.94555,104.77,0.773,82.007,,1.19,38918.6619338206
synth_00435.npz,19,923.6017899997532,49.2519,41.2,0.157,21.5,,0.849,22.79711904845398
synth_00436.npz,64,810.7964499997906,68.27,38.2,0.12,90.0,0.86,1.2,19.577710444171498
synth_00437.npz,48,310.18330000014976,3.1774835,90.0,0.0,90.0,,1.178,0.7281256504119802
synth_00438.npz,17,1092.0413899999112,966.5,2.83,0.092,194.0,0.14095656,1.046,672.0094855377425
synth_00439.npz,33,3640.9205000000075,0.94145223,1814.0,0.0051,-85.0,10.14,1.294,0.6549790045416051
synth_00440.npz,40,819.9497400000691,271.9445,11.5,0.117,-21.0,,1.1,53.16039425016401
synth_00441.npz,28,1420.0998599999584,4.3135225,0.61,0.0,90.0,,0.715,4.192042562893906
synth_00442.npz,21,1844.871999999974,144.72,19.8,0.118,334.0,0.451,0.836,97.1289409234814
synth_00443.npz,19,371.0381499999203,1569.81,33.11,0.149,40.8,3.651,2.72,833.9083823760174
synth_00444.npz,20,436.82689999975264,1.266938,33.7,0.09,90.0,0.21269339,1.29,1.065717017535678
synth_00445.npz,126,1575.9270000001416,4.023687,125.0,0.0,90.0,,1.31,1.957605942716271
synth_00446.npz,44,1559.752100000158,0.8574347,2.1,0.0,90.0,,0.23,0.4080916469110127
synth_00447.npz,22,2521.959899999667,13.340603,2.27,0.18,90.0,,0.913,3.4455362364975888
synth_00448.npz,162,770.9568119999021,4.417965,12.1,0.035,-0.9,,0.78,0.6898010920422301
synth_00449.npz,19,886.4000000003725,2041.11539,69.433,0.1,286.99,,1.03,1452.4997153945496
synth_00450.npz,51,1772.123900000006,5.01718,110.1,0.0,90.0,,1.06,4.235056667629559
synth_00451.npz,17,1092.0413899999112,17.305904,1320.0,0.597,90.0,,1.59,11.72992058504597
synth_00452.npz,23,1995.6920260000043,280.17,13.15,0.238,326.0,0.443,1.12,103.33272433270437
synth_00453.npz,166,2553.917661000043,4.0460435,54.6,0.0,0.0,,1.32,2.3293966249832527
synth_00454.npz,39,2801.207969999872,1.7554137,202.7,0.0,90.0,,1.076,0.9890219750382113
synth_00455.npz,42,3419.7494700001553,2.1748,5.0,0.0,90.0,,0.7,2.036843918339894
synth_00456.npz,30,1690.282399999909,653.9,76.2,0.479,64.6,,0.77,253.50016719782522
synth_00457.npz,29,180.77400000020862,158.991,9.36,0.2,-44.79,0.20954598,0.8,26.198958634625967
synth_00458.npz,31,322.0594000001438,27.453592,1.1,0.1,90.0,,0.803,24.074957864834186
synth_00459.npz,16,1133.9566429997794,110.9,5.1,0.3,110.0,0.15,1.47,99.22539030475372
synth_00460.npz,24,1208.6984999999404,7596.0,71.3,0.19,110.44,12.2,2.41,366.6254596343968
synth_00461.npz,39,0.25371000031009316,18.654874,1.41,0.0,90.0,,0.8889,3.6978443190826575
synth_00462.npz,33,1638.652499999851,5.197576,2.83,0.13,140.0,,0.833,3.307132647140866
synth_00463.npz,40,819.9497400000691,1.9000693,590.0,0.08,90.0,,0.95,1.4988604626754776
synth_00464.npz,77,4845.79224999994,18.20132,271.5,0.01,90.0,3.98,1.21,11.042604456786915
synth_00465.npz,20,848.8649999997579,157.57001,35.2,0.09,90.0,1.61,2.28,30.18871154955374
synth_00466.npz,20,735.0319999996573,1700.0,303.8906410935109,0.628,208.5,11.3,0.734,199.99067794573847
synth_00467.npz,91,1077.3038900000975,6.0984882,0.28,0.092,90.0,,0.929,3.08566813836944
synth_00468.npz,23,422.8209999999963,3.94153,116.0,0.0,90.0,,0.88,3.2143587331586936
synth_00469.npz,16,126.74715999979526,6.959,35.8,0.3,99.36,0.32,1.01,1.5105705130809262
synth_00470.npz,39,0.25371000031009316,0.959641,3.56,0.0,90.0,,0.837,0.07210041444041294
synth_00471.npz,25,6.016330000013113,3.0965828,69.4,0.0103,25.0,0.523,1.04,1.7063564559996198
synth_00472.npz,71,2096.0192299997434,14.47567,2306.0,0.013,246.0,,0.54,2.776681736747061
synth_00473.npz,24,506.6410000002943,34.94,4.1,0.15,90.0,0.06280087,0.948,2.355784793720379
synth_00474.npz,64,2263.821076999884,1.36414864,204.0,0.033,-100.0,,0.987,1.0548478497781428
synth_00475.npz,74,3608.0420399997383,241.8,2.95,0.0,90.0,0.06733193,0.65,198.57259334964164
synth_00476.npz,109,357.1025309995748,2.6278838,5.4,0.3,-36.0,,0.778,1.046779541695125
synth_00477.npz,22,465.8064030003734,8619.9,24.23,0.0,23.0,2.93,1.31,2534.9088170145947
synth_00478.npz,29,955.1699999999255,2205.0,3.117,0.095,142.0,0.2066,1.06,611.0515612084919
synth_00479.npz,33,1325.5770000000484,4.754,5.4,0.0,90.0,,0.75,1.7160581583879797
synth_00480.npz,31,1502.9305790001526,271.9445,11.5,0.117,-21.0,,1.1,156.88686055343032
synth_00481.npz,55,3172.274999999907,305.5,350.2,0.031,137.4,20.6,2.3,161.24903386336183
synth_00482.npz,36,1393.0466999998316,8241.0,20.7,0.76,118.2,1.35,1.0,2928.4326020441904
synth_00483.npz,54,2769.3720829999074,2.823093,100.0,0.0,90.0,,0.91,1.7994987045404554
synth_00484.npz,65,2741.681009999942,0.1120067,10500.0,0.0,90.0,,0.61,0.07569048113997656
synth_00485.npz,22,2188.9648000001907,2.8997,89.1,0.0,90.0,,1.06,1.618841465443207
synth_00486.npz,21,564.6361459996551,133.40355,509.454,0.647,265.742,9.432,0.94,51.66651656486842
synth_00487.npz,21,564.6361459996551,22.65398,584.0,0.676,12.6,,0.99,14.13388114399351
synth_00488.npz,32,2951.8829700001515,39.849,67.488,0.046,270.1,1.09491472,1.0,23.586734008299086
synth_00489.npz,37,2654.865520999767,53.753,2.18,0.156,90.0,0.03133751,0.771,18.29342830578296
synth_00490.npz,15,254.17070000013337,99.62167,6.279,0.373,316.962,0.136,1.04,30.20539122730326
synth_00491.npz,29,1870.8798750001006,3.185315,18.4,0.17,90.0,,0.849,1.738382090573319
synth_00492.npz,149,5835.964199999813,510.9,34.25,0.107,181.0,1.685,1.41,312.84539445604554
synth_00493.npz,200,892.8878000001423,8.1594667,2.81,0.0,90.0,,1.023,4.983789522794482
synth_00494.npz,71,3002.8603130001575,3180.6,175.47,0.179,8.54,23.693,2.61,1217.6545711005174
synth_00495.npz,36,9.066438000183553,1253.68,23.78,0.04,177.6,1.522,1.33,709.2994319988749
synth_00496.npz,21,2274.784849999938,6.36338574,6.841,0.041,50.5,,0.87,6.272832439533896
synth_00497.npz,78,395.03731300029904,3.056536,81.1,0.0,90.0,,1.248,1.3082723513405239
synth_00498.npz,23,2421.220610000193,10.2851,3.614,0.224,60.123,0.034,0.85,8.670490641029511
synth_00499.npz,77,5016.1934099998325,0.1120067,10500.0,0.0,90.0,,0.61,0.009108798295110934
synth_00500.npz,23,1995.6920260000043,41.38,38.37,0.38,258.1,0.3042507,0.344045,36.2169451381876
synth_00501.npz,119,1866.9286020002328,1.273099,2.36,0.0,90.0,,0.781,1.1988851648989427
synth_00502.npz,94,455.9846299998462,9.61419,3.5,0.0,90.0,,0.8784,2.5176104025827652
synth_00503.npz,23,447.87538200011477,3.8361623,18.7,0.0,90.0,,0.8712,0.04642299457829477
synth_00504.npz,30,2541.989614999853,2.52221,3.662,0.399,84.352,0.023,1.14,1.2182486504468628
synth_00505.npz,41,680.0663300002925,1002.7,165.01082723153405,0.525,81.0,6.87,0.99,183.2055807579661
synth_00506.npz,15,32.87760000023991,8799.0,92.70782335200887,0.15,320.0,5.54,0.459,8549.383406456072
synth_00507.npz,42,1859.9830000000075,2523.64713,113.048,0.586,119.376,,2.316,2265.474079389892
synth_00508.npz,88,419.07591000013053,270.66,22.85,0.34,18.28,0.75,1.15,260.01355802588733
synth_00509.npz,16,382.95152000011876,3.822,7.96,0.109,210.6,0.0409653,0.56,2.307989831885157
synth_00510.npz,15,582.1542299999855,1078.0,48.4,0.032,334.0,2.53,1.06,555.3428755210482
synth_00511.npz,118,1076.0627649999224,15.9653287,2.75,0.171,-46.7,,1.212,13.294614179712477
synth_00512.npz,31,322.0594000001438,147.02,0.69,0.29,268.14,0.01500802,0.813,95.90834493559989
synth_00513.npz,117,3447.6486879996955,54.76992,1.3,0.0,90.0,,0.798,13.613484050019906
synth_00514.npz,23,2633.819279999938,6.7994,2.89,0.0,90.0,0.01101223,0.26,6.352584488530509
synth_00515.npz,47,2414.6953999996185,5.377219,3068.0,0.094,0.1,27.9,1.066,2.3643602366442047
synth_00516.npz,165,1730.06134200003,522.3,126.1,0.19,307.4,6.1,1.4,404.02841804594686
synth_00517.npz,122,3722.800028000027,181.4,91.5,0.027,177.3,3.2,1.4,90.8701453977115
synth_00518.npz,53,1112.068700000178,3.9443736,35.0,0.0,0.6,,1.1576,0.7232255246990471
synth_00519.npz,15,1452.1186999999918,2.0455,5.4,0.22,8.92,0.03712677,1.22,0.605318365557755
synth_00520.npz,17,1601.7590000000782,8.0240015,11.6,0.19,90.0,,0.397,4.609072870489959
synth_00521.npz,51,1234.6099999998696,921.2,194.0,0.853,41.6,5.41,1.18,131.73352002425523
synth_00522.npz,29,3684.967999999877,19.60562,2.76,0.2,110.0,,0.9373,0.2693392356484048
synth_00523.npz,16,995.1804199996404,389.7,3.1,0.0,90.0,0.03341426,0.1639,169.08741012916826
synth_00524.npz,80,1233.628000000026,2.24375,993.0,0.09,90.0,,1.62,1.710179904359124
synth_00525.npz,19,886.3725000000559,3.504725,5.2,0.0,90.0,,0.972,2.152452351218543
synth_00526.npz,30,1527.8300000000745,2.1378431,205.53,0.0119,3.0,1.48,1.21,0.6929740929098058
synth_00527.npz,53,1089.011880000122,1129.0,144.0,0.85,190.0,3.5,0.843,809.7650204646119
synth_00528.npz,23,615.5995719996281,2164.0,8.0,0.39,90.0,0.53,1.2,1048.489666049766
synth_00529.npz,21,10.044379999861121,2.292102,246.0,0.229,90.0,,1.273,2.2909590485110356
synth_00530.npz,17,1601.7590000000782,197.8,0.95,0.29,91.7,0.0223,0.77,153.49906085357762
synth_00531.npz,24,4013.9884000001475,312.08,18.42,0.269,-155.6,0.896,1.91,259.22346019209056
synth_00532.npz,126,1575.9270000001416,3.0965828,69.4,0.0103,25.0,0.523,1.04,0.8037146785081548
synth_00533.npz,44,2556.0183299998753,13921.42302,89.694,0.295,263.949,,0.626,2120.162601633523
synth_00534.npz,21,2396.312160000205,3.208664,72.0,0.0,90.0,0.68,1.507,0.6394992782109031
synth_00535.npz,33,46.010089999996126,1.422614,2.85,0.093,90.0,,0.79,0.6149461899884989
synth_00536.npz,44,9.165889999829233,9.1247,2.13,0.0,90.0,0.01069754,0.342,4.67320707180483
synth_00537.npz,30,686.9309719996527,6.02,4.4,0.0,90.0,0.02642936,0.55,1.1715482733480516
synth_00538.npz,15,1452.1186999999918,140.43,1.15,0.45,-143.0,0.01636103,0.51,109.52764418992652
synth_00539.npz,98,2580.1055490002036,2.3266508,39.82,0.0,90.0,,0.639,2.020536040169771
synth_00540.npz,137,1528.8761999998242,44.40523,50.43,0.127,223.7,,1.406,14.03227407383022
synth_00541.npz,30,748.9079999998212,3.4095675,713.0,0.072,-74.0,,1.311,1.7322791731738518
synth_00542.npz,21,917.2131199999712,50.819172,2.91,0.08,90.0,,0.88,30.205625157527525
synth_00543.npz,23,839.8808600003831,3.560829,82.6,0.191,90.0,,1.097,2.5722651507009893
synth_00544.npz,41,680.0663300002925,3.7955202,77.0,0.0,90.0,,0.4861,0.5597346798668403
synth_00545.npz,21,1844.871999999974,7.78993,1.43,0.0,90.0,,0.73,2.1879659073562903
synth_00546.npz,20,735.0319999996573,10.590547,15.7,0.13,92.0,,1.146,7.73857619232022
synth_00547.npz,48,2571.0101000000723,41.6855,3.1,0.0,90.0,,1.67,23.685380717445284
synth_00548.npz,41,2293.850700000301,13.2543,1.658,0.21,90.0,0.01031998,0.42,11.928151529977855
synth_00549.npz,119,1866.9286020002328,3.48777,60.9,0.02,90.0,0.59,1.47,1.5620269591934794
synth_00550.npz,37,1143.9909000000916,4.579,3.45,0.0,90.0,0.02762497,0.97,1.8618802174099898
synth_00551.npz,26,1886.9171549999155,2.81805,64.2,0.0,90.0,0.25,0.42,0.8637526643623953
synth_00552.npz,78,3599.002100000158,1.332813,175.25,0.0,90.0,,1.05,0.30837637267768936
synth_00553.npz,200,1548.8488869997673,106.3,2.08,0.14,155.0,0.0237863,0.43,69.17646138534924
synth_00554.npz,36,3622.9577299999073,1211.0,3.85,0.298,-63.0254,0.173,0.851785,320.5347482072843
synth_00555.npz,65,2917.998738999944,3.052524,243.0,0.0,90.0,,0.949,2.6321167213753975
synth_00556.npz,34,800.0745599996299,19240.75467,39.198,0.155,92.13,,0.67,5207.47938257131
synth_00557.npz,24,346.94951000018045,34.5633,2.8,0.2,90.0,,1.0,23.273530941924147
synth_00558.npz,20,735.0319999996573,1176.45,37.51,0.224,219.541,1.985,1.069,668.4402337402926
synth_00559.npz,29,180.77400000020862,3.317921,76.2,0.03,-50.0,,0.61,2.0851766431171854
synth_00560.npz,23,856.8001399999484,18.840942,2.24,0.17,-96.3,,1.1,16.870495535506475
synth_00561.npz,16,1601.7480399999768,3.1649,1.679,0.195,152.0,0.01170443,0.98,0.5379964500555444
synth_00562.npz,26,2211.9640000001527,1.4013794,346.0,0.0,90.0,,0.98,0.20994841978962753
synth_00563.npz,15,2521.969399999827,2.90367,236.4,0.0,90.0,,0.76,0.3539638230246887
synth_00564.npz,15,186.70080000022426,2.18467,175.7,0.0,90.0,,1.46,0.1669940358294011
synth_00565.npz,44,771.9129999997094,1.55745774,31.77,0.0232,278.72,,0.9,0.8320422426597686
synth_00566.npz,55,2542.095590000041,3.971281,144.0,0.18,90.0,,1.088,0.6581649748561713
synth_00567.npz,22,465.8064030003734,10.288914,6.18,0.29,98.0,,0.9342,8.304881416289929
synth_00568.npz,82,888.7031999998726,55.661,2.09,0.0,90.0,0.01919265,0.342,1.258524740769894
synth_00569.npz,76,3538.1394330002367,2.686502,485.0,0.0,90.0,,0.97,1.0063823787796387
synth_00570.npz,88,335.02155099995434,3.1481,1.8,0.012,226.0,,0.295,1.4896934223283536
synth_00571.npz,45,1164.8876999998465,20.519617,2.32,0.0,90.0,,0.798,4.44307779954928
synth_00572.npz,29,1212.688099999912,34.524,24.85,0.1809,26.1,0.378,0.954,12.287306322614938
synth_00573.npz,40,2545.036400000099,2.69155,188.7,0.0,90.0,,2.22,0.5996542882966054
synth_00574.npz,69,5585.798969999887,256.2,0.95,0.08,51.6,0.014,0.33,72.20436084295675
synth_00575.npz,200,2901.2203700002283,40.87,3.17,0.07,8.0,0.05789287,1.126,37.88122025197753
synth_00576.npz,119,4361.976724999957,86.58,4.49,0.063,130.1,0.0679612,0.58,36.119043215104746
synth_00577.npz,72,775.7690739999525,7.817953,330.0,0.092,90.0,,1.076,3.01667397512407
synth_00578.npz,78,855.6496600001119,280.17,13.15,0.238,326.0,0.443,1.12,171.2327463384826
synth_00579.npz,86,1136.1510760001838,53.753,2.18,0.156,90.0,0.03133751,0.771,35.69961722580242
synth_00580.npz,38,1180.7267999998294,3.56004,2.78,0.045,200.0,,0.935,2.3506109110043547
synth_00581.npz,132,6077.539679999929,3.94153,116.0,0.0,90.0,,0.88,0.33408001208246746
synth_00582.npz,39,2236.8954509999603,4.119027,526.1,0.086,-146.4,,1.3,2.396872434413519
synth_00583.npz,92,3655.9811200001277,147.02,0.69,0.29,268.14,0.01500802,0.813,108.19548765700038
synth_00584.npz,40,2936.9441999997944,916.0,25.4,0.13,71.0,1.75,1.78,728.7406233873998
synth_00585.npz,24,451.7616999996826,1.9495378,3.13,0.0,90.0,,0.236,1.1473697707504913
synth_00586.npz,51,2177.1378929996863,15.79,4.5,0.0,90.0,0.06292704,1.178,2.061748589523669
synth_00587.npz,27,774.9306370001286,2880.0,48.900243832282754,0.24,86.68,2.19,0.535,241.17213282272348
synth_00588.npz,33,46.010089999996126,9.088516,109.0,0.0,90.0,,0.867,2.9360786586513155
synth_00589.npz,122,3722.800028000027,10.290994,29.8,0.57,90.0,,0.96,9.545502142861364
synth_00590.npz,15,797.9470000001602,95.272656,39.0,0.133,41.0,,0.96,45.027527244122446
synth_00591.npz,34,1598.7936920002103,30.158577,218.4,0.745,92.2,2.89,1.469,27.006218780203195
synth_00592.npz,16,416.7950500003062,4.6955507,2.18,0.0,90.0,,0.514,2.1584270486324018
synth_00593.npz,18,655.0333000002429,5.377219,3068.0,0.094,0.1,27.9,1.066,4.060435429839139
synth_00594.npz,16,119.8581999996677,1129.0,144.0,0.85,190.0,3.5,0.843,547.708581353604
synth_00595.npz,77,1118.6139500001445,1945.0,9.41,0.041,90.0,0.622,0.91,1378.4258984859864
synth_00596.npz,26,86.90799999982119,3.7684952,39.9,0.0,90.0,,0.87,1.1952885816597383
synth_00597.npz,96,712.0532900001854,3.438753,49.24,0.14,130.0,,0.64,3.0600268449265062
synth_00598.npz,50,1867.8139999997802,8.001968,55.8,0.174,90.0,,1.296,2.126187463371939
synth_00599.npz,15,358.0299999997951,7596.0,71.3,0.19,110.44,12.2,2.41,46.919191445376946
synth_00600.npz,50,1843.9464099998586,13.066,1.63,0.04,90.0,,0.12,9.422752161402657
synth_00601.npz,47,3644.9498000000603,1.93778,6.56,0.207,234.0,,0.32,1.3111105967860814
synth_00602.npz,31,765.9479979998432,872.2,99.0,0.494,90.0,4.0,0.942,572.9494446251756
synth_00603.npz,30,4905.6102400003,3.37077196,65.5,0.029,90.0,,0.207,2.317119214681096
synth_00604.npz,39,2801.207969999872,2.262196,121.0,0.0,90.0,,0.67,1.3262445531091684
synth_00605.npz,25,2575.945900000166,21.89288,9.247,0.496,257.997,0.121,1.14,2.5237882862735472
synth_00606.npz,24,474.77599500026554,11.57797,1.46,0.0,90.0,,0.87,7.748020621604563
synth_00607.npz,45,3690.789150000084,778.51,28.65,0.211,308.313,1.525,1.312,5.137016748516495
synth_00608.npz,40,2936.9441999997944,6.3085044,11.6,0.0,90.0,,0.97,1.1534651063943964
synth_00609.npz,19,1060.995159999933,31.034,31.0,0.51,-0.166,,1.34,13.061540426832437
synth_00610.npz,17,707.3340900000185,8.28246,2.1,0.5,90.0,,0.965,3.133829258459466
synth_00611.npz,15,2521.969399999827,439.29999,14.1,0.09,90.0,0.44,0.76,52.261394659045955
synth_00612.npz,19,146.76072999974713,3.54387,63.6,0.0,90.0,,1.404,1.5130822442288356
synth_00613.npz,18,1470.0067300000228,820.2,207.0,0.13,168.0,14.0,1.8,511.49086321986545
synth_00614.npz,23,1754.1836920003407,778.51,28.65,0.211,308.313,1.525,1.312,293.8590560823152
synth_00615.npz,19,85.77539999969304,13.6308205,2.63,0.0,90.0,,0.901,9.657429281023882
synth_00616.npz,28,0.13901999965310097,3459.0,36.27,0.146,329.3,1.649,0.486,798.7595279134601
synth_00617.npz,63,16.21430000010878,1157.0,33.7,0.76,90.0,1.22,1.12,166.40584001745844
synth_00618.npz,15,1463.0919999997132,323.21,288.63,0.238,91.33,15.464,2.09,242.05191873712369
synth_00619.npz,200,283.2688909997232,493.7,31.9,0.144,86.0,1.1,0.853,330.1510776635265
synth_00620.npz,111,1968.6408219998702,2.9887615,111.2,0.0,90.0,,1.063,1.2832865973476943
synth_00621.npz,15,2575.9330000001937,2.032046,239.0,0.0,90.0,,1.409,0.2779174140446945
synth_00622.npz,23,447.87538200011477,2.9223,55.6,0.068,0.285,,1.538,1.9394829914410698
synth_00623.npz,69,3824.689999999944,16.70988,2.2,0.05,282.0,0.02674399,0.991,12.531670586577048
synth_00624.npz,86,2721.6383500001393,13.8992,4.25,0.29,37.0,0.04153184,0.82,2.2786717254662148
synth_00625.npz,16,746.9125600000843,33.874,1.13,0.159,240.0,0.01623518,0.86,23.34940703677306
synth_00626.npz,83,548.6837500003166,2.2783152,78.0,0.0,90.0,,0.81,0.810253379587336
synth_00627.npz,15,2102.1965999999084,3.85298,115.5,0.0,90.0,,1.79,3.525933720797651
synth_00628.npz,16,2598.882190000266,4.7228124,399.0,0.079,56.0,,0.759,3.5493809557290366
synth_00629.npz,51,1234.6099999998696,8500.0,89.0,0.37,38.0,,1.33,2326.7149469838687
synth_00630.npz,119,1569.7594769997522,3.7684952,39.9,0.0,90.0,,0.87,3.53494768302873
synth_00631.npz,20,0.2132699997164309,8.7836,4.12,0.0,0.0,0.026,0.5,0.2216344365206675
synth_00632.npz,45,3644.906899999827,589.64,41.0,0.02,354.58,2.3,1.0,108.97963189704274
synth_00633.npz,52,3063.6800000001676,23.624,32.4,0.105,-62.0,0.463,1.035,5.714715790379917
synth_00634.npz,69,3450.696040000301,455.73816,40.452,0.081,264.199,2.102,1.613,333.63683016763764
synth_00635.npz,84,3114.3950000000186,12.75758,0.47,0.062,144.0,,0.935,6.712630742566877
synth_00636.npz,15,582.1542299999855,2.02087,1.31,0.06,197.0,0.00220245,0.142,0.9384423305508817
synth_00637.npz,30,291.34152699960396,283.8,12.3,0.442,135.0,0.45,1.41,63.15496154354568
synth_00638.npz,15,1240.8207000000402,603.95116,4.42,0.373,118.3,0.09250228,1.0,456.86918880353517
synth_00639.npz,27,774.9306370001286,15.1479,2.53,0.12,13.178,0.03,0.986073,1.773916158524724
synth_00640.npz,118,166.6404760000296,4540.0,11.4,0.103,24.0642,0.84,0.875104,1122.9291406380455
synth_00641.npz,21,536.6400699997321,302.79999,57.1,0.14,90.0,2.27,1.34,244.16589670369956
synth_00642.npz,15,2521.969399999827,12.9211,3.1,0.032,16.0,,0.295,5.828029393112821
synth_00643.npz,24,515.8303999998607,4073.0,28.4,0.089,117.0,2.31,1.03,3571.2786411702073
synth_00644.npz,34,1485.9418999999762,15.56,4.1,0.0,90.0,0.05,0.93,9.361893461853905
synth_00645.npz,52,2233.9972000001,2.052868,109.0,0.0,90.0,,1.33,1.62083094031216
synth_00646.npz,20,735.0319999996573,3.446459,254.1,0.12,90.0,,0.986,0.6458776966160257
synth_00647.npz,30,1690.282399999909,144.3,42.7,0.09,166.0,1.98,2.42,45.63081550571416
synth_00648.npz,26,1886.9171549999155,2.21857567,205.0,0.0,90.0,,0.79,0.8357508812667541
synth_00649.npz,63,845.69319000002,3.7521,63.4,0.0,90.0,,1.18,1.8542848403899823
synth_00650.npz,23,2574.0136000001803,3.0440499,78.0,0.181,90.0,,0.962,1.438213198614124
synth_00651.npz,193,3490.695880000014,1544.0,26.7,0.22,158.0,1.49,1.231,1269.8877473073367
synth_00652.npz,21,0.14839999983087182,1.271869,4.5,0.0,90.0,,0.7,0.2202756686324377
synth_00653.npz,200,5841.947690000292,4.0179694,4.1,0.0,90.0,,0.1635,3.4212443495129543
synth_00654.npz,31,322.0594000001438,18.27,3.48,0.29,173.73,0.0303623,0.59,16.242875794000092
synth_00655.npz,84,3114.3950000000186,5.12338,0.392,0.0,90.0,0.00081805,0.1221,0.38691271641301633
synth_00656.npz,23,447.87538200011477,13.8905,1.81,0.09,7.44,0.0168,0.7,0.13043692922303324
synth_00657.npz,42,1644.6949999998324,606.3,30.9,0.087,133.0,1.599,1.39,177.49612742048416
synth_00658.npz,93,2540.0189999998547,15.66858,1.74,0.301,-86.0,,0.642,6.2791014532534914
synth_00659.npz,48,310.18330000014976,198.4,82.0,0.06,50.0,2.5,1.15,192.5371622989038
synth_00660.npz,25,6.016330000013113,3.814334,1.02,0.0,90.0,,0.502,0.27237623963339924
synth_00661.npz,15,186.70080000022426,21.89288,9.247,0.496,257.997,0.121,1.14,17.105022415011376
synth_00662.npz,18,79.82730000000447,13.727,2.86,0.0,90.0,0.02145812,0.52,6.526158337898752
synth_00663.npz,30,686.9309719996527,11.30717,0.84,0.0,90.0,,0.703,1.4685020231090447
synth_00664.npz,16,119.8581999996677,1005.57,58.51,0.037,-166.7,3.307,1.23,368.1193759899541
synth_00665.npz,88,335.02155099995434,21.489936,2.27,0.0,90.0,,0.858,8.185546860478718
synth_00666.npz,65,2741.681009999942,5.452654,343.0,0.432,21.9,,1.392,1.3281165680624967
synth_00667.npz,121,6174.081860000268,27.59221,2.61,0.0,90.0,,0.87,8.12214661398797
synth_00668.npz,64,810.7964499997906,3.57878087,59.2,0.0,90.0,,0.95,1.5027974800605346
synth_00669.npz,39,4419.077090000268,3.738252,13.25,0.089,89.99,,1.12,3.59717558406287
synth_00670.npz,41,2581.9221529997885,2.47063,181.3,0.0,90.0,,1.36,1.1336746875429684
synth_00671.npz,23,2239.8196100001223,40.0,3.05,0.088,145.0,0.05078186,0.99,38.0054004844927
synth_00672.npz,98,2213.0737469997257,53.647,1.23,0.0,0.0,0.01220785,0.35,1.6379540442430036
synth_00673.npz,16,2331.6351100001484,2751.53433,18.427,0.078,186.316,,2.058,181.90464602939028
synth_00674.npz,51,3291.908026999794,820.2,207.0,0.13,168.0,14.0,1.8,22.814606263000247
synth_00675.npz,23,1166.9500000001863,428.1,32.2,0.06,216.0,1.56,1.23,285.0908996401139
synth_00676.npz,75,4773.041399999987,1.701531,82.37,0.0,90.0,0.5,0.966,0.374732751143547
synth_00677.npz,54,3276.007464000024,7841.5839,28.855,0.391,219.678,,1.29,4520.04721326265
synth_00678.npz,38,1180.7267999998294,47.56,5.57,0.0,90.0,0.0849515,0.7941,37.827613409394
synth_00679.npz,95,816.7536309999414,380.2,32.9,0.149,128.0,1.542,1.53,126.15565187396312
synth_00680.npz,29,4335.020000000019,85.5073,2.6,0.06,70.59,0.0442,0.7,21.007219072323696
synth_00681.npz,117,3447.6486879996955,428.5,57.5,0.031,126.0,2.75,1.46,310.8375795897363
synth_00682.npz,21,1349.379600000102,133.60001,102.0,0.04,90.0,1.96,0.67,63.579949943800536
synth_00683.npz,44,2624.915689000394,4.7369696,9.1,0.071,-160.0,,0.823,0.7068039258470971
synth_00684.npz,42,1859.9830000000075,6.6132,59.67,0.0,90.0,,1.25,0.5782920508505449
synth_00685.npz,45,1885.9800299997441,2.21673,181.3,0.0,90.0,,2.78,1.634101314800788
synth_00686.npz,19,434.9022879996337,4.1509768,1424.0,0.1585,32.4,,1.037,3.571551640516247
synth_00687.npz,28,2642.787700000219,1460.0,60.0,0.0,90.0,,0.91,1299.9286342939288
synth_00688.npz,74,825.7873599999584,7.397225,1.55,0.0,90.0,,0.428,3.7732431583910366
synth_00689.npz,45,1366.12099999981,4.62767,219.0,0.11,90.0,,2.65,0.7101370931286868
synth_00690.npz,34,2554.978200000245,11.759,8.3,0.0,90.0,,0.91,2.6535055109826233
synth_00691.npz,69,5585.798969999887,0.6693124,1.41,0.0,90.0,,0.99,0.30354916261793574
synth_00692.npz,56,2986.802799999714,17.66484,0.54,0.0,90.0,,0.44,15.047924207563389
synth_00693.npz,118,166.6404760000296,10.64387,2.459,0.0,90.0,,0.556,6.920616800418151
synth_00694.npz,20,2952.8144800001755,15.611,2.34,0.03,153.891,,1.2,4.280644804998344
synth_00695.npz,24,1208.6984999999404,9.691,36.2,0.04,131.0,,1.07,7.325801375330626
synth_00696.npz,200,5279.703979999758,14901.99295,109.402,0.165,164.716,,0.75,6488.926422774497
synth_00697.npz,67,5455.066579999868,0.279221,2.69,0.0,90.0,,0.269,0.27440833154106004
synth_00698.npz,40,2936.9441999997944,4.324799,55.1,0.019,90.0,,1.573,1.8541586954671483
synth_00699.npz,26,1760.2483740001917,2288.0,25.8,0.21,153.0,0.82,0.357,1915.5052462913138
synth_00700.npz,63,845.69319000002,1.6339,5.1,0.0,90.0,0.00934467,0.18,0.023759571480769563
synth_00701.npz,29,856.7727000000887,58.83,155.0,0.07,-35.0,2.98,1.01,42.25295702543109
synth_00702.npz,91,1077.3038900000975,123.01,3.25,0.35,314.0,0.072,0.942,49.016833246972034
synth_00703.npz,155,2767.6150000002235,14.23283,25.159,0.104,279.469,0.314,1.08,7.10231464903696
synth_00704.npz,46,842.770709999837,600.1,46.1,0.03,179.8,2.51,1.5,119.31536279938386
synth_00705.npz,28,744.9494499997236,1569.81,33.11,0.149,40.8,3.651,2.72,1459.1564693637645
synth_00706.npz,26,2211.9640000001527,0.3652575,1.1,0.0,90.0,,0.89,0.07292183847507908
synth_00707.npz,107,4356.145509999711,16.8124,2.84,0.0,90.0,0.03067693,0.789,9.441620303592941
synth_00708.npz,53,454.79503000015393,1624.0,18.2,0.239,27.0,0.99,0.95,970.0892926887283
synth_00709.npz,65,2917.998738999944,4.532,20.561,0.1543,-96.91,0.1452,0.822,3.890465612521387
synth_00710.npz,22,2523.967299999669,3.31599,13.5,0.35,141.0,,0.8772,1.5474615789320856
synth_00711.npz,139,6166.089680000208,406.0,88.21953928798635,0.33,302.0,1.86,0.48,336.9358601513452
synth_00712.npz,136,4687.106219999958,60.888588,3.69074,0.026437,90.0,0.07596149,1.097,31.899322053827536
synth_00713.npz,35,2510.0294500002638,35.47358,1.804,0.152,117.523,0.021,0.626,33.92461404780102
synth_00714.npz,41,1462.9233929999173,15.9407,3.95,0.0,90.0,0.03146352,0.519,11.423230495175975
synth_00715.npz,32,824.7770000002347,0.4702743,3.02,0.0,90.0,,0.9513,0.4289396631355751
synth_00716.npz,21,369.95480000041425,2.85310198,3.15,0.25,90.0,,0.519,2.688650700603676
synth_00717.npz,17,2573.962799999863,0.719573,3.62,0.0,90.0,,1.18,0.5772746734402545
synth_00718.npz,20,0.2132699997164309,579.47495,1.966,0.404,246.871,0.047,0.509,70.90892794505395
synth_00719.npz,30,2664.8376000002027,194.3,32.0,0.17,90.0,0.99,1.15,24.176476636934083
synth_00720.npz,27,335.04171100025997,99.62167,6.279,0.373,316.962,0.136,1.04,61.39103228831523
synth_00721.npz,95,1976.7400000002235,19.578328,0.35,0.094,90.0,,0.929,5.309773390905714
synth_00722.npz,82,889.3675299999304,1155.7,15.3,0.27,121.6,0.73,0.94,445.1205411083031
synth_00723.npz,17,81.77910900022835,1862.0,12.8,0.16,0.0,0.696,0.85,323.66806487319417
synth_00724.npz,200,2957.9390199999325,4.3601561,11.5,0.0,90.0,,0.9042,3.323187425939894
synth_00725.npz,15,298.12220000009984,841.4,5.8,0.125,313.0,,0.943,718.9743678473633
synth_00726.npz,33,2332.6750000002794,18.18424,78.91,0.67,215.8,,0.97,2.414951211647512
synth_00727.npz,23,1390.994999999646,3.039577,91.2,0.0,0.0,,0.916,1.5709595865844144
synth_00728.npz,45,1164.8876999998465,165.7719,463.3,0.9412,42.32,,1.271,65.48204393026698
synth_00729.npz,77,1118.6139500001445,29.01,2.37,0.11,142.0,0.0282541,0.71,22.918344374623008
synth_00730.npz,96,3332.926669999957,3.1186,116.7,0.0,90.0,,1.78,1.450124987327243
synth_00731.npz,29,1870.8798750001006,4.3601561,11.5,0.0,90.0,,0.9042,3.1864415335786056
synth_00732.npz,26,2500.1017829999328,0.3693038,8.0,0.0,90.0,,0.803,0.20906431281550597
synth_00733.npz,193,3490.695880000014,35500.0,74.0,0.114,133.0,11.1,1.033,34727.80804769394
synth_00734.npz,30,797.8761999998242,24.329,2.31,0.09,230.0,0.02013655,0.43,10.209253104737604
synth_00735.npz,30,427.9791999999434,1169.13202,160.429,0.214,94.142,,0.96,1154.7176389408376
synth_00736.npz,29,2177.059907000046,19.382,55.3,0.02,185.0,0.865,1.29,8.05203062138754
synth_00737.npz,126,1575.9270000001416,2720.0,48.51,0.03,227.0,3.19,0.94,496.8587317829999
synth_00738.npz,51,2177.1378929996863,228.53731,17.021,0.169,82.15,0.804,2.009,178.7347017543131
synth_00739.npz,73,822.1295899995603,2.8641424,80.5,0.038,90.0,,1.405,0.7782419155253819
synth_00740.npz,28,1443.9892249996774,8.992,5.22,0.03,220.0,,0.83,5.087266539668823
synth_00741.npz,20,0.2132699997164309,422.82,58.4,0.105,-116.8,2.55,1.295,273.1480960796507
synth_00742.npz,21,132.77859999984503,4.637038,51.0,0.581,90.0,,1.415,0.9259110337913166
synth_00743.npz,44,1795.098321000114,27000.0,38.25,0.84,-20.0,3.23,1.07,928.987263306663
synth_00744.npz,57,2069.1296520000324,29.671,3.5,0.0,90.0,0.03901476,0.629,29.2862663367675
synth_00745.npz,30,686.9309719996527,2.36902,3.87,0.16,-57.0,,0.901,1.9364135967544216
synth_00746.npz,28,423.7784029999748,32.939623,3.55,0.2,-5.7,,0.359,4.074804461484054
synth_00747.npz,83,548.6837500003166,33.747,2.59,0.0,90.0,0.01667566,0.26,28.616424358366228
synth_00748.npz,26,1886.9171549999155,380.85001,100.3,0.75,90.0,1.25,0.39,98.30888991840229
synth_00749.npz,21,707.0095399999991,7.851928,4.2,0.0,90.0,,0.34,1.941661977027828
synth_00750.npz,21,204.4010999999009,1.54285047,5.26,0.0,90.0,,0.42,1.192031499318347
synth_00751.npz,70,1460.0976999998093,2047.635373,20.41237,0.013121,90.0,1.34071029,1.078,1550.8012466689063
synth_00752.npz,52,3063.6800000001676,2.4997,149.95,0.01,90.0,,0.89,2.114639572626922
synth_00753.npz,69,3450.696040000301,896.0,31.6,0.181,58.0,1.8,1.34,122.44019906644625
synth_00754.npz,59,4034.039850000292,45.791,3.33,0.12,215.3,0.05600478,0.95,34.23271854973189
synth_00755.npz,42,846.6784100001678,61.1166,214.0,0.0324,50.3,,0.32,28.71403779440583
synth_00756.npz,28,2530.098958000075,515.4,4.85,0.11,-17.1887,0.201,1.10394,167.96030854885447
synth_00757.npz,51,1234.6099999998696,3.97664,0.29,0.07,19.0,,0.67,2.9200581949760873
synth_00758.npz,77,4845.79224999994,1123.0,27.4,0.209,21.0,1.52,1.3,949.0956799160602
synth_00759.npz,58,1549.8249999997206,4.5557,89.0,0.086,262.0,0.62,0.794,1.4690344732305454
synth_00760.npz,58,3752.827693999745,5094.105,1.75,0.12,242.0,0.10201051,0.48,788.6263248418426
synth_00761.npz,69,3326.910544999875,913.0,25.6,0.15,49.0,1.41,1.27,905.4081478388398
synth_00762.npz,23,615.5995719996281,5.05907,74.0,0.506,90.0,,0.853,4.6502464988537735
synth_00763.npz,15,3708.78582999995,15.66858,1.74,0.301,-86.0,,0.642,4.541399243184567
synth_00764.npz,76,2500.030999999959,2.47063,181.3,0.0,90.0,,1.36,2.0121164217732126
synth_00765.npz,28,1420.0998599999584,3.3366496,13.4,0.0,90.0,,0.539,0.2992748540310172
synth_00766.npz,52,1595.6599999996834,2880.0,48.900243832282754,0.24,86.68,2.19,0.535,2628.1322134665256
synth_00767.npz,95,5224.776229000185,25.201,4.02,0.15,97.83,0.04090237,0.61,19.52201098091336
synth_00768.npz,41,680.0663300002925,24.3681,2.72,0.18,168.0,,0.79,4.7971800667959865
synth_00769.npz,16,94.80128900008276,17.46819,3.3,0.39,-36.0,,0.8,5.165121011132739
synth_00770.npz,15,797.9470000001602,3700.0,110.7,0.487,185.6,8.29,1.18,2203.5529629116977
synth_00771.npz,95,816.7536309999414,2.21778105,54.5,0.078,90.0,,0.837,0.7889926061246463
synth_00772.npz,18,1242.7226999998093,510.9,34.25,0.107,181.0,1.685,1.41,376.1418565675545
synth_00773.npz,24,1040.0430000000633,19.382,55.3,0.02,185.0,0.865,1.29,11.481177133625286
synth_00774.npz,22,2282.896594000049,17.133,3.25,0.07,276.0,0.02041972,0.43,3.5470219044473663
synth_00775.npz,49,6166.0925300000235,10.590547,15.7,0.13,92.0,,1.146,6.461393439573209
synth_00776.npz,24,346.94951000018045,12.836,3.52,0.0,90.0,0.03335133,0.745,0.18046241697143256
synth_00777.npz,200,3685.877999999999,5.7998164,7.3,0.32,90.0,,0.211,0.6481168118587669
synth_00778.npz,126,1575.9270000001416,155.3,286.9,0.254,120.9,8.02,1.13,25.035573996663004
synth_00779.npz,29,1870.8798750001006,7.8914483,40.0,0.0,90.0,,1.15,2.7910293792634935
synth_00780.npz,118,166.6404760000296,0.83784,415.2,0.0,90.0,,1.037,0.009978455171638378
synth_00781.npz,30,1690.282399999909,1.5089557,188.0,0.0,90.0,,0.95,1.4031892583051924
synth_00782.npz,23,839.8808600003831,1.53736596,391.5,0.0,90.0,,1.081,0.36821291525821037
synth_00783.npz,59,5173.866280000191,3947.0,22.18,0.0,84.0,,1.13,1068.2103586066391
synth_00784.npz,28,910.780999999959,11.30717,0.84,0.0,90.0,,0.703,4.247451635944678
synth_00785.npz,30,720.1207300000824,771.36,18.84,0.46,321.79,0.21,0.15,725.648215764291
synth_00786.npz,48,1705.1656229998916,22.808533,3.93,0.0,90.0,,0.8801,8.024482778910889
synth_00787.npz,34,825.7470800001174,7.8457,42.8,0.22,90.0,,1.42,3.382539049924409
synth_00788.npz,48,1923.7244099997915,2.60544751,68.0,0.0,90.0,,1.297,0.7777450298583954
synth_00789.npz,41,1951.6558999996632,158.991,9.36,0.2,-44.79,0.20954598,0.8,155.21417436791975
synth_00790.npz,132,6077.539679999929,101.94054,277.19,0.24,279.74,,0.93,37.19374252586893
synth_00791.npz,39,1856.94560000021,1628.0,7.74,0.059,225.0,,1.019,135.99892137112056
synth_00792.npz,23,615.5995719996281,141.834025,47.8,0.212,98.8,1.286,1.112,93.32429135406505
synth_00793.npz,32,3385.8029840001836,1192.77951,137.999,0.314,243.89,,1.795,854.7516661945948
synth_00794.npz,129,877.7414190000854,632.62,17.2,0.102,256.4,0.749,1.057,235.48711672625288
synth_00795.npz,21,2552.0558699998073,2374.0,93.3,0.76,256.0,4.85,1.36,501.82835903803283
synth_00796.npz,31,1502.9305790001526,17.24,5.0,0.2,77.0,0.0696,1.2,7.055495018404885
synth_00797.npz,33,46.010089999996126,1027.0,17.5,0.52,35.0,0.85,1.22,450.9230521961976
synth_00798.npz,29,982.24599999981,3.052524,243.0,0.0,90.0,,0.949,3.038176537036727
synth_00799.npz,17,2552.886119999923,4.6612061,76.0,0.18,90.0,,1.26,4.0013439759286635
synth_00800.npz,48,1705.1656229998916,47.42489,4.31,0.0,90.0,,1.098,29.446536207587364
synth_00801.npz,21,17.08169999998063,2.72474,274.0,0.0,90.0,,1.29,0.5283759892745482
synth_00802.npz,78,855.6496600001119,3.4936264,51.2,0.0,90.0,,1.088,2.4033163328680938
synth_00803.npz,20,436.82689999975264,2390.0,97.6672206520815,0.0,90.0,5.9,0.88,1814.0076154541318
synth_00804.npz,21,314.16900000022724,9.139703,4.7,0.18,-119.0,,1.204,0.6890306812109458
synth_00805.npz,39,1856.94560000021,4.0460435,54.6,0.0,0.0,,1.32,1.5354189542404038
synth_00806.npz,48,1923.7244099997915,10.03,2.89,0.22,121.0,0.03442109,1.21,3.2782834093844624
synth_00807.npz,23,2633.819279999938,3.1968838,158.0,0.024,80.0,,1.38,1.8236026542691717
synth_00808.npz,40,2483.0267819999717,2.18467,175.7,0.0,90.0,,1.46,1.426705774572648
synth_00809.npz,33,3530.246320000384,1.548352,2.17,0.0,0.0,,0.631,0.280852144926696
synth_00810.npz,20,439.75191999971867,2.7325321,174.0,0.0,0.0,,1.334,1.2833594852486234
synth_00811.npz,81,1944.7939999997616,14892.0,47.4,0.56,2.6,,0.76,14775.364166292542
synth_00812.npz,20,99.90119999973103,1823.5,243.7,0.428,179.6,20.9,1.507,28.90728763111671
synth_00813.npz,15,457.7712999996729,4667.97841,78.198,0.051,297.163,,1.06,1731.7901702658648
synth_00814.npz,38,822.7209199997596,1481.6,28.4,0.21,134.2,1.94,1.39,495.31734644950126
synth_00815.npz,42,431.85957399988547,9.691,36.2,0.04,131.0,,1.07,3.9305050470385265
synth_00816.npz,16,444.84390000021085,3.0240949,375.0,0.0,90.0,,1.32,2.62852428223024
synth_00817.npz,40,2944.017378000077,0.3219225,1.003,0.06,66.0,,0.455,0.14110025369196239
synth_00818.npz,40,819.9497400000691,2448.48726,113.94,0.377,271.934,,1.1,2162.2052362492113
synth_00819.npz,96,3332.926669999957,2.76953,1.69,0.039,57.0,,0.439,1.5939748614675369
synth_00820.npz,33,350.08657600032166,2.930289,115.6,0.38,-92.0,,0.54,1.244252560672312
synth_00821.npz,35,2898.9907900001854,2288.0,25.8,0.21,153.0,0.82,0.357,577.2694645609223
synth_00822.npz,39,0.25371000031009316,2.27476,1.94,0.0,90.0,0.00324074,0.132,1.8735238535314322
synth_00823.npz,38,2203.01716400031,4.3601561,11.5,0.0,90.0,,0.9042,2.808814818195139
synth_00824.npz,30,2664.8376000002027,4.21285367,7.4,0.406,0.216,,1.17,0.8940773773727314
synth_00825.npz,66,3556.2334259999916,577.6,35.7,0.27,212.0,1.295,0.874,75.12871701965622
synth_00826.npz,40,746.9303000001237,3.49151,15.12,0.057,45.0,,0.646,0.4379447383057702
synth_00827.npz,165,1730.06134200003,3.936551,45.0,0.05,-110.0,,0.63,3.5786081444263953
synth_00828.npz,16,2331.6351100001484,7.8457,42.8,0.22,90.0,,1.42,3.1648889865173944
synth_00829.npz,61,458.91021100012586,745.70001,91.5,0.4,90.0,15.89,8.76,611.7035304580427
synth_00830.npz,44,10.159900000318885,4.3203,0.92,0.2,54.0,0.00736246,1.046,3.8682328493500635
synth_00831.npz,144,4325.298168489244,50.8,2.05,0.45,111.0,0.02391215,0.65,11.497718827949637
synth_00832.npz,54,2769.3720829999074,858.0,33.5,0.124,145.0,1.768,1.21,27.94707614093623
synth_00833.npz,28,804.8573400001042,35.45,2.28,0.09,220.95,0.03228141,0.82,6.392914268044455
synth_00834.npz,36,3.2296700002625585,621.62,43.65,0.59,165.77,1.5,1.03,480.4990230130568
synth_00835.npz,38,1654.6461900002323,512.5352,64.947,0.732,350.068,3.48,2.817,7.8997953058949895
synth_00836.npz,24,417.9093000004068,6.441008,2.52,0.231,57.0,,0.8,3.633579111631518
synth_00837.npz,44,1565.9580000001006,5429.93477,154.581,0.164,20.215,,1.41,1038.5660608119747
synth_00838.npz,16,2598.882190000266,8.26146,4.31,0.077,180.0,,0.935,6.333736561057011
synth_00839.npz,34,825.7470800001174,3.0232,8.61,0.07,225.0,0.02517069,0.27,1.449248605445528
synth_00840.npz,31,1502.9305790001526,204.59,5.02,0.152,189.7,0.13246141,0.886,112.3362647357158
synth_00841.npz,17,2940.0148200001568,1.54285047,5.26,0.0,90.0,,0.42,0.45268506706048317
synth_00842.npz,28,766.0391899999231,0.548177,1.35,0.063,228.5,,0.74,0.2502858344217338
synth_00843.npz,48,9.056950000114739,1.706291,198.7,0.0,90.0,,0.892,0.07799900299298906
synth_00844.npz,36,3005.832088999916,12.99894,2.64,0.2,90.0,,1.0,10.522897321083068
synth_00845.npz,30,1690.282399999909,16000.0,121.0,0.45,-7.4485,15.0,1.171665,14519.982774018144
synth_00846.npz,17,2940.0148200001568,1270.55195,30.023,0.752,336.427,,1.196,956.2777738408339
synth_00847.npz,16,94.80128900008276,803.0,305.0,0.1,167.0,21.0,1.84,397.98468477562477
synth_00848.npz,63,845.69319000002,2.50827,3.1,0.44,248.0,,0.892,2.1164389701799693
synth_00849.npz,24,804.9263900001533,2.70579,130.7,0.0,90.0,,1.48,0.010338487528600771
synth_00850.npz,40,2545.036400000099,3.97664,0.29,0.07,19.0,,0.67,2.648272862925599
synth_00851.npz,35,2625.9230999997817,4.6747373,9.24,0.11,96.26,,0.52,3.5873275711697183
synth_00852.npz,34,1485.9418999999762,0.23597766,9000.0,0.0,90.0,,0.646,0.07708357447703687
synth_00853.npz,70,5014.030650000088,13.8905,1.81,0.09,7.44,0.0168,0.7,11.898209073057325
synth_00854.npz,95,5542.7221200000495,578.2,121.4,0.21,108.5,4.2,0.8,0.10985892936601403
synth_00855.npz,35,1322.2369999997318,30.793091,0.8,0.0,90.0,,0.798,19.464935193769204
synth_00856.npz,31,322.0594000001438,13.727,2.86,0.0,90.0,0.02145812,0.52,4.13215618692091
synth_00857.npz,75,1793.9710800000466,49.175,2.75,0.09,303.7,0.0529,1.07,30.912778150905492
synth_00858.npz,56,5041.257870000321,305.5,350.2,0.031,137.4,20.6,2.3,76.79007049261462
synth_00859.npz,63,36.083600000012666,2.5079204,587.0,0.0,90.0,,1.145,0.5261112157004086
synth_00860.npz,25,2.471729999873787,3.1220109,161.3,0.115,90.0,,1.273,1.9548795527550964
synth_00861.npz,53,454.79503000015393,0.882059,322.0,0.0,90.0,,0.767,0.438325830937887
synth_00862.npz,33,712.0531399999745,104.61611,3.0,0.09,-123.0,,1.11,19.592577089013396
synth_00863.npz,52,2503.039482000284,1.32734683,334.7,0.0,90.0,,1.03,1.1762614840445649
synth_00864.npz,92,3655.9811200001277,597.0643,118.43,0.95,143.58,1.4878,1.04,526.8415746688196
synth_00865.npz,24,874.7110000001267,2.65033,1.79,0.0,90.0,0.00786588,0.52,1.4565376309017928
synth_00866.npz,200,3656.0159999999996,517.8,34.1,0.011,201.6,,1.91,365.61652305868915
synth_00867.npz,127,6167.035930000246,13.475853,1.57,0.0,90.0,,0.616,6.0828212877314
synth_00868.npz,29,778.0411219997332,16.1456994,1.37,0.089,90.0,,0.803,12.939863647256706
synth_00869.npz,71,3002.8603130001575,1103.0,54.7,0.03,17.19,3.07,1.12,919.7434396479699
synth_00870.npz,155,2767.6150000002235,6.02,4.4,0.0,90.0,0.02642936,0.55,4.600241389688882
synth_00871.npz,24,2081.3287599999458,394.73,343.39,0.247,-56.3,22.707,2.6,95.97814132956744
synth_00872.npz,48,2571.0101000000723,4.8869,1.67,0.15,90.0,0.0060095,0.294,0.1196726561415237
synth_00873.npz,15,3708.78582999995,7.9752,1.7,0.14,189.0,,0.742,5.2496999499888615
synth_00874.npz,29,40.13856999995187,1.33711647,558.7,0.0,90.0,,0.743,0.5498994367080199
synth_00875.npz,98,2213.0737469997257,98.29838,46.1,0.294,3.4,,0.94,87.90439237212775
synth_00876.npz,96,3332.926669999957,3.5514058,45.2,0.0,90.0,,1.135,3.0536674964450414
synth_00877.npz,44,771.9129999997094,37.91,4.65,0.3,102.0,0.0788,0.91,20.234541883359473
synth_00878.npz,70,1460.0976999998093,2.34478022,255.0,0.0,90.0,,0.93,0.8850235786117459
synth_00879.npz,63,1133.972000000067,48.36685,38.4,0.0,90.0,,1.194,34.48505817750552
synth_00880.npz,65,2660.762501999736,3.915292,23.4,0.0,90.0,,1.1578,2.7773894938821515
synth_00881.npz,18,46.88226099964231,3.971281,144.0,0.18,90.0,,1.088,2.7095370901440265
synth_00882.npz,30,797.8761999998242,3.1743516,91.8,0.096,90.0,,1.093,2.6741501447737313
synth_00883.npz,74,3608.0420399997383,4.62767,219.0,0.11,90.0,,2.65,2.671639897379927
synth_00884.npz,33,350.08657600032166,6.87188,252.0,0.03,90.0,,1.76,3.5461888682443097
synth_00885.npz,48,3563.2391900001094,10.2405549,29.8,0.0,90.0,,0.9218,5.293426120463131
synth_00886.npz,20,735.0319999996573,3.126089,149.0,0.0,90.0,0.961,0.85,2.7790326562470407
synth_00887.npz,31,2211.7569999997504,7.885385,1.7,0.0,90.0,,0.858,2.891973886263217
synth_00888.npz,16,2574.980900000315,3000.0,164.0,0.0,90.0,,1.0,2525.7475794312145
synth_00889.npz,28,766.0391899999231,15.144,4.84,0.2,122.37,0.03914042,0.57,7.646047553553867
synth_00890.npz,16,2574.980900000315,5.75999,0.772,0.0,90.0,0.00572319,0.77,0.49155150304181433
synth_00891.npz,33,46.010089999996126,2.52221,3.662,0.399,84.352,0.023,1.14,1.1324268582197035
synth_00892.npz,16,2331.6351100001484,256.78,269.66,0.677,193.7,8.35,1.86,74.77341098750726
synth_00893.npz,107,4356.145509999711,10.751014,2.71,0.0,90.0,,0.9373,5.675299505571571
synth_00894.npz,23,4839.753000000026,2.1097019,11.38,0.059,125.88,,0.97,1.8002294230898073
synth_00895.npz,15,254.17070000013337,2.37756,2.13,0.24,-41.0,0.00931315,0.58,0.4266662832982705
synth_00896.npz,34,797.8312000003643,982.0,45.83,0.0,90.0,,0.88,466.6705810547672
synth_00897.npz,40,746.9303000001237,197.8,0.95,0.29,91.7,0.0223,0.77,115.2189453932208
synth_00898.npz,23,1995.6920260000043,2.45946,1.814,0.549,330.575,0.011,0.94,1.8933422633238044
synth_00899.npz,38,822.7209199997596,273.1,16.8,0.139,133.0,0.75,1.69,256.98080845912546
synth_00900.npz,15,2554.0722099998966,0.23818244,2.98,0.0,90.0,,0.353,0.1311451286358008
synth_00901.npz,45,2264.9198269997723,3.73543,59.2,0.0,90.0,,2.28,3.442639596199096
synth_00902.npz,34,5019.258030000143,232.08,98.6,0.163,-131.3,2.68,0.87,78.10860398115304
synth_00903.npz,91,507.8038059999235,2.21857567,205.0,0.0,90.0,,0.79,1.6957012487453242
synth_00904.npz,35,3064.7370000001974,4.9816819,64.8,0.0,90.0,,0.951,3.804637292270662
synth_00905.npz,23,1210.712094000075,12085.45186,54.469,0.039,138.62,,0.98,6662.455583541139
synth_00906.npz,17,81.77910900022835,265.59,25.12,0.27,-134.44,0.72,0.909,46.15654580683434
synth_00907.npz,20,656.161600000225,2720.0,48.51,0.03,227.0,3.19,0.94,1050.4756841959481
synth_00908.npz,16,41.09459999995306,31.1515,1.97,0.067,92.0,0.0296701,0.967,9.060417458329269
synth_00909.npz,29,955.1699999999255,1.548352,2.17,0.0,0.0,,0.631,1.4970684438963322
synth_00910.npz,44,2600.8514999998733,836.4,7.94,0.0,0.0,0.45,1.35,539.1622263598754
synth_00911.npz,26,2624.838820000179,270.0,199.4,0.63,294.0,6.43,1.5,245.44021592573776
synth_00912.npz,21,1844.871999999974,1.4344555,64.0,0.0,90.0,,0.383,0.42482801043077983
synth_00913.npz,33,3640.9205000000075,3.3488702,94.9,0.33,90.0,,1.187,1.436464579784201
synth_00914.npz,30,4905.6102400003,11.4407,1.68,0.094,55.0,0.0095334,0.38,6.491136566619549
synth_00915.npz,30,1277.6776000000536,24469.67342,158.671,0.401,104.177,,1.02,8680.082800430737
synth_00916.npz,43,3701.912000000011,69.57,4.11,0.0,90.0,0.02639789,0.18,31.758679061100214
synth_00917.npz,58,2668.767491000239,0.279221,2.69,0.0,90.0,,0.269,0.167339115818757
synth_00918.npz,24,451.7616999996826,7.9752,1.7,0.14,189.0,,0.742,0.22558630264072438
synth_00919.npz,18,2210.938000000082,4.4249,0.91,0.0,90.0,0.00459367,0.495,1.503630379304508
synth_00920.npz,19,371.0381499999203,2.00839,86.48,0.0,90.0,0.618,1.24,0.0004452594811657482
synth_00921.npz,23,679.0925900000148,11.681,1.411,0.093,96.0,0.01544859,0.98,5.636521962601541
synth_00922.npz,35,2307.7513590003364,735.1,34.3,0.06,165.3,1.85,1.34,446.94128890063166
synth_00923.npz,31,2225.9217940000817,7596.0,71.3,0.19,110.44,12.2,2.41,706.3555346588109
synth_00924.npz,35,2201.0009139999747,325.803,108.24,0.35,-82.17,3.76,1.15,78.8750825019812
synth_00925.npz,61,1153.9242289997637,3.007812,414.0,0.089,90.0,,1.21,2.418256247283154
synth_00926.npz,28,630.1504859998822,4667.97841,78.198,0.051,297.163,,1.06,3922.4161796990447
synth_00927.npz,15,1452.1186999999918,1170.0,97.97740228743275,0.0,90.0,3.2,0.5,453.64790749632664
synth_00928.npz,53,2192.901300000027,1.8587033,2.6,0.0,90.0,,0.93,1.513400334895289
synth_00929.npz,59,2934.918264000211,18.314,0.614,0.064,90.0,0.00676466,0.79,5.075546594030662
synth_00930.npz,70,1888.0722699998878,2.50827,3.1,0.44,248.0,,0.892,1.7711100707822367
synth_00931.npz,69,3326.910544999875,1278.0,13.8,0.411,136.0,5.69,1.72,697.0935650337923
synth_00932.npz,30,2596.961799999699,6.3085044,11.6,0.0,90.0,,0.97,2.776366975693393
synth_00933.npz,16,3621.940700000152,8.1245,3.06,0.138,90.0,0.02800253,0.89,5.333265272773848
synth_00934.npz,83,1840.9662399999797,43.0,166.55087685942104,0.0,85.0,1.76,0.48,0.5757992011791674
synth_00935.npz,42,2961.940300999675,16.213362,1.78,0.046,148.0,,0.87,2.633754341156825
synth_00936.npz,49,6166.0925300000235,3999.0,24.2,0.16,90.0,2.12,1.21,1175.000034087438
synth_00937.npz,144,4325.298168489244,0.94667944,386.0,0.0,90.0,,1.072,0.6442746303016217
synth_00938.npz,42,2798.159802999813,946.6,25.3,0.028,136.8,,1.91,668.5223476278769
synth_00939.npz,28,1528.8510879999958,0.67247414,860.0,0.0,90.0,,1.453,0.4577940497901895
synth_00940.npz,146,4850.9789999998175,21.85849,3.095,0.109,305.399,0.05,1.29,16.778950847652496
synth_00941.npz,24,561.6639999998733,1.90231289,173.0,0.113,90.0,,1.004,0.1513319599360488
synth_00942.npz,28,1559.8583000004292,47.84,5.9,0.0,90.0,0.09,0.8,5.065725378590569
synth_00943.npz,44,2600.8514999998733,26.13,0.86,0.07,345.0,0.00258001,0.097,22.350325817649036
synth_00944.npz,200,2557.1587199997157,10.5737534,1.64,0.32,90.0,,1.03,3.773114403621155
synth_00945.npz,17,184.80300000030547,4.5445828,28.03,0.06,-112.0,,0.298,2.583010390745162
synth_00946.npz,55,3172.274999999907,19.482,2.5382967732702126,0.043,89.0,0.02611459,0.686,9.809241661298376
synth_00947.npz,18,2704.752000000328,40.54,1.49,0.17,90.0,0.00726804,0.164,25.4049006420273
synth_00948.npz,24,506.6410000002943,647.6,0.567,0.45,90.0,0.01831177,0.79,49.83069019122189
synth_00949.npz,74,3608.0420399997383,3.1342791,4.39,0.097,90.0,,0.513,2.4127374178845216
synth_00950.npz,158,5841.869200000074,3.65281514,74.5,0.023,287.0,0.569,1.012,0.45076589262561606
synth_00951.npz,82,888.7031999998726,9.485236,1000.0,0.02,117.0,,0.644,6.462997574868816
synth_00952.npz,21,2274.784849999938,16.608164,3.9,0.0,0.0,,0.679,6.678841933999264
synth_00953.npz,23,1089.966899999883,520.1,81.6,0.338,133.1,2.99,0.98,256.02527691591814
synth_00954.npz,34,1598.7936920002103,11.57797,1.46,0.0,90.0,,0.87,7.77684990561667
synth_00955.npz,49,2153.1017999998294,2.7858212,2.7,0.0,90.0,,1.408,1.0335473281462197
synth_00956.npz,200,2156.9766199998558,192.0,177.8,0.05,281.0,6.575,1.5,8.839194499482659
synth_00957.npz,200,1202.824590000324,1.4468849,9.5,0.0,90.0,,0.853,1.39510313459156
synth_00958.npz,32,3519.216800000053,2390.0,97.6672206520815,0.0,90.0,5.9,0.88,1249.197789584919
synth_00959.npz,42,431.85957399988547,3.444714,3.87,0.049,78.0,,0.63,2.5564760350873224
synth_00960.npz,70,1460.0976999998093,158.991,9.36,0.2,-44.79,0.20954598,0.8,84.47109690863992
synth_00961.npz,26,2211.9640000001527,3.648103,1.06,0.0,90.0,,0.62,2.990302248691034
synth_00962.npz,47,4439.8991299998015,286.6,7.7,0.0,0.0,0.31,1.35,161.81899692654224
synth_00963.npz,23,722.9440299002454,1.4200242,261.6,0.0,90.0,1.287,0.838,0.17431773802627523
synth_00964.npz,60,3233.0769700002857,1.5449298,306.0,0.0,90.0,,1.2,0.9917005805523804
synth_00965.npz,15,1463.0919999997132,4.20474,61.0,0.0,90.0,,1.09,0.7263296024084653
synth_00966.npz,41,1462.9233929999173,3.648103,1.06,0.0,90.0,,0.62,3.004775120916564
synth_00967.npz,61,458.91021100012586,653.21997,234.5,0.41,90.0,9.69,1.09,444.88303822900446
synth_00968.npz,149,1107.000110000372,8.667,3.51,0.1,340.0,0.0321,0.86,8.145321466786314
synth_00969.npz,21,917.2131199999712,4.54216874538,48.74,0.0,0.0,,1.318,2.8573911005744224
synth_00970.npz,22,421.9961269996129,3.971281,144.0,0.18,90.0,,1.088,0.8941859308232806
synth_00971.npz,74,5254.701613000128,18.08816,2.91,0.5,90.0,,0.471,10.077593070895052
synth_00972.npz,25,2556.962499999907,484.17,155.03,0.78,337.1,6.74,2.41,373.6689833356734
synth_00973.npz,17,1095.021219999995,6987.0,157.26469303776113,0.089,77.25,9.71,0.535,4973.963534807708
synth_00974.npz,61,2545.0209400001913,3.04405,1.6,0.0,90.0,,1.251,1.0419682879038208
synth_00975.npz,27,774.9306370001286,2.470498,2.03,0.0,90.0,,0.91,1.6190437068643972
synth_00976.npz,32,1365.2266999999993,3.3704181,76.5,0.0,90.0,,1.07,3.152247772579151
synth_00977.npz,27,1359.0445000003092,711.0,105.0,0.4,351.5,6.54,1.91,486.8999406437697
synth_00978.npz,50,1050.1698980000801,3.2783662,38.0,0.14,90.0,,1.122,1.2041485023570975
synth_00979.npz,29,2550.936900000088,9.75598,3.7,0.077,210.0,,1.099,8.885340056054119
synth_00980.npz,35,1880.821400000248,136.97,53.07,0.059,0.0,1.941,1.74,113.35968567797781
synth_00981.npz,56,3149.272928999737,4799.0,45.63,0.0913,-90.0,3.82,1.015,4104.026865522138
synth_00982.npz,29,778.0411219997332,4.33454,96.0,0.05,108.0,,1.138,0.46310822093218357
synth_00983.npz,31,322.0594000001438,3.97664,0.29,0.07,19.0,,0.67,1.1565215730089056
synth_00984.npz,21,564.6361459996551,3160.0,62.62345169738786,0.15,348.0,2.66,0.459,2496.8038564062394
synth_00985.npz,20,1765.2006500000134,524.19,111.58,0.0053,90.0,4.51,1.03,144.05134126779265
synth_00986.npz,20,504.7563310000114,4.927,68.0,0.0,90.0,0.57,1.0,0.36314914449355695
synth_00987.npz,32,1359.9294600002468,4.1877558,146.0,0.0,90.0,,1.04,2.861351206674944
synth_00988.npz,35,38.94801100017503,165.7719,463.3,0.9412,42.32,,1.271,132.4964992984476
synth_00989.npz,77,5016.1934099998325,4.60358,2.91,0.0,90.0,,0.79,2.95442944619882
synth_00990.npz,17,747.9602999999188,14.697,3.1584362051628254,0.047,87.0,0.02957556,0.686,5.068162515438291
synth_00991.npz,26,2500.1017829999328,2.21778105,54.5,0.078,90.0,,0.837,1.2414546591018352
synth_00992.npz,71,3002.8603130001575,8.6001536,64.0,0.114,104.0,,1.538,0.18507488791270213
synth_00993.npz,200,5285.757960000075,68.27,38.2,0.12,90.0,0.86,1.2,38.41291123826128
synth_00994.npz,29,1212.688099999912,2.79083,262.0,0.0,90.0,,1.42,2.3911864224300814
synth_00995.npz,15,410.8739999998361,484.17,155.03,0.78,337.1,6.74,2.41,37.79103479700439
synth_00996.npz,17,81.77910900022835,2.0455,5.4,0.22,8.92,0.03712677,1.22,0.7840798256385904
synth_00997.npz,22,538.720100000035,44.505,2.71,0.0593,309.97,0.04750967,1.0,7.3372597485162885
synth_00998.npz,40,2483.0267819999717,2.3266508,39.82,0.0,90.0,,0.639,0.8841456767080835
synth_00999.npz,45,1366.12099999981,1.7429935,603.0,0.0143,102.0,,0.96,0.02267229014254812
