index,file,host,n_obs,rms_over_sigma
0,UID_0000522_RVC_001.tbl,HD 142,53,1.1646166520340027
1,UID_0000522_RVC_002.tbl,HD 142,27,0.837692448479424
2,UID_0001292_RVC_001.tbl,GJ 3021,61,1.8763154763848466
3,UID_0001499_RVC_001.tbl,HD 1461,136,3.551844060787638
4,UID_0001499_RVC_002.tbl,HD 1461,28,2.2130783891547807
5,UID_0001640_RVC_001.tbl,2MASS J00203151+3058293,28,
6,UID_0001640_RVC_002.tbl,2MASS J00203151+3058293,28,
7,UID_0001931_RVC_001.tbl,HD 2039,41,4.51939395805977
8,UID_0001931_RVC_002.tbl,HD 2039,36,1.940090435039577
9,UID_0002350_RVC_001.tbl,HD 2638,28,1.9228250817996837
10,UID_0002611_RVC_001.tbl,HD 2952,63,4.957405615910292
11,UID_0003093_RVC_001.tbl,54 Psc,42,1.882634001767141
12,UID_0003093_RVC_002.tbl,54 Psc,121,2.1205090859907902
13,UID_0003093_RVC_003.tbl,HD 3651,26,1.594476513695851
14,UID_0003093_RVC_004.tbl,HD 3651,112,1.963718049426806
15,UID_0003093_RVC_005.tbl,HD 3651,83,3.7804592732006825
16,UID_0003093_RVC_006.tbl,HD 3651,35,1.3312713599792776
17,UID_0003093_RVC_007.tbl,HD 3651,4,3.790495542649838e-08
18,UID_0003093_RVC_008.tbl,HD 3651,54,2.9565367127759874
19,UID_0003093_RVC_009.tbl,HD 3651,29,2.7126159620502133
20,UID_0003093_RVC_010.tbl,HD 3651,139,3.705599328641637
21,UID_0003093_RVC_011.tbl,HD 3651,16,1.463858325441851
22,UID_0003479_RVC_001.tbl,HD 4208,41,1.0995610640210405
23,UID_0003479_RVC_002.tbl,HD 4208,35,1.192301655268807
24,UID_0003497_RVC_001.tbl,HD 4308,72,3.294694929152778
25,UID_0003497_RVC_002.tbl,HD 4308,41,1.344111990260691
26,UID_0003502_RVC_001.tbl,HD 4203,23,3.3616079586494423
27,UID_0003502_RVC_002.tbl,HD 4203,14,1.1560562493912576
28,UID_0003574_RVC_001.tbl,HD 4313,28,2.865427216645474
29,UID_0003834_RVC_001.tbl,HD 4732,48,2.0516445513191064
30,UID_0004297_RVC_001.tbl,HD 5319,30,2.642398900051975
31,UID_0004552_RVC_001.tbl,HD 5608,43,1.9525556108308761
32,UID_0005054_RVC_001.tbl,HD 6434,130,1.715922802306765
33,UID_0006379_RVC_001.tbl,HD 7924,93,3.225056850452237
34,UID_0006643_RVC_001.tbl,HD 8574,10,2.879367526517034
35,UID_0006643_RVC_002.tbl,HD 8574,16,1.3660587685478045
36,UID_0006643_RVC_003.tbl,HD 8574,41,1.870461716255699
37,UID_0006643_RVC_004.tbl,HD 8574,44,1.4231263645474956
38,UID_0006643_RVC_005.tbl,HD 8574,16,1.8486588418692167
39,UID_0007513_RVC_001.tbl,HR 458,52,1.6123776643090042
40,UID_0007513_RVC_002.tbl,HR 458,89,1.9632469270300699
41,UID_0007513_RVC_003.tbl,Ups And,268,2.0243165786336914
42,UID_0007513_RVC_004.tbl,ups And,248,2.2673260069480325
43,UID_0007513_RVC_005.tbl,Ups And,71,2.174967271171433
44,UID_0007513_RVC_006.tbl,ups And,41,1.549495530534212
45,UID_0007513_RVC_007.tbl,ups And,284,2.360605876507776
46,UID_0007513_RVC_008.tbl,HD 9826,8,0.9444235493206504
47,UID_0007513_RVC_009.tbl,HD 9826,312,5.531775364982145
48,UID_0007513_RVC_010.tbl,HD 9826,17,1.5488281514393467
49,UID_0007978_RVC_001.tbl,HD 10647,28,1.7419537539587415
50,UID_0008102_RVC_001.tbl,HD 10700,191,3.6986721494290706
51,UID_0008102_RVC_002.tbl,HD 10700,87,3.356118488737971
52,UID_0008102_RVC_003.tbl,HD 10700,535,4.3880643040546765
53,UID_0008102_RVC_004.tbl,HD 10700,95,0.9752509573256897
54,UID_0008159_RVC_001.tbl,HD 10697,59,2.3528337736592406
55,UID_0008159_RVC_002.tbl,HD 10697,35,2.076201620101379
56,UID_0008159_RVC_003.tbl,HD 10697,40,0.975058572362348
57,UID_0008159_RVC_004.tbl,HD 10697,32,1.2026297628235365
58,UID_0008770_RVC_001.tbl,HD 11506,26,3.0103979367166556
59,UID_0009094_RVC_001.tbl,HD 11964,87,1.5729539765903369
60,UID_0009094_RVC_002.tbl,HD 11964,119,2.673759631181709
61,UID_0009683_RVC_001.tbl,HD 12661,57,3.022683060651282
62,UID_0009683_RVC_002.tbl,HD 12661,51,1.5881011281441633
63,UID_0009683_RVC_003.tbl,HD 12661,15,0.8952053430790704
64,UID_0009683_RVC_004.tbl,HD 12661,20,1.8408100223401764
65,UID_0009683_RVC_005.tbl,HD 12661,45,2.4648577365467457
66,UID_0009683_RVC_006.tbl,HD 12661,41,1.49519894501011
67,UID_0009683_RVC_007.tbl,HD 12661,66,6.079998724472519
68,UID_0009683_RVC_008.tbl,HD 12661,40,1.6421135652706964
69,UID_0009884_RVC_001.tbl,alpha Ari,678,2.830491505160788
70,UID_0010138_RVC_001.tbl,GJ 86,23,0.8895751452093215
71,UID_0010138_RVC_002.tbl,GJ 86,42,1.5531383319102108
72,UID_0010138_RVC_003.tbl,Gl 86,24,6.624878643539799
73,UID_0011397_RVC_001.tbl,WASP-33,29,1.225784440595547
74,UID_0011791_RVC_001.tbl,75 Cet,74,2.2825021349572467
75,UID_0012048_RVC_001.tbl,79 Ceti,71,1.6144383516417913
76,UID_0012048_RVC_002.tbl,HD 16141,46,1.344050596238796
77,UID_0012186_RVC_001.tbl,HD 16417,78,3.559316448509147
78,UID_0012186_RVC_002.tbl,HD 16417,10,2.3156084343222263
79,UID_0012191_RVC_001.tbl,HD 16175,44,4.25482800259429
80,UID_0012247_RVC_001.tbl,81 Cet,33,1.8002777523596714
81,UID_0012653_RVC_001.tbl,HD 17051,13,1.9966880795328115
82,UID_0012653_RVC_002.tbl,Iota Horologii,25,3.57823537124285
83,UID_0012653_RVC_003.tbl,Iota Hor,95,1.5209483276293922
84,UID_0012653_RVC_004.tbl,Iota Hor,26,1.3478844316063223
85,UID_0012961_RVC_001.tbl,HIP 12961,46,1.5487920583153207
86,UID_0013192_RVC_001.tbl,HD 17156,29,1.7803027517294847
87,UID_0013192_RVC_002.tbl,HD 17156,13,0.7813808566980547
88,UID_0013192_RVC_003.tbl,HD 17156,18,1.1729145498084494
89,UID_0013192_RVC_004.tbl,HD 17156,24,2.0137094538128233
90,UID_0013192_RVC_005.tbl,HD 17156,9,0.7630459272626682
91,UID_0013192_RVC_006.tbl,HD 17156,25,0.9244520343500894
92,UID_0013192_RVC_007.tbl,HD 17156,34,2.3505150012058342
93,UID_0013192_RVC_008.tbl,HD 17156,9,0.763027675821813
94,UID_0014810_RVC_001.tbl,HIP 14810,30,4.4104740606526285
95,UID_0014810_RVC_002.tbl,HIP 14810,53,2.214432703547486
96,UID_0014954_RVC_001.tbl,HD 19994,48,2.246450216602389
97,UID_0014954_RVC_002.tbl,HD 19994,56,1.5891772507498518
98,UID_0014954_RVC_003.tbl,HD 19994,12,1.828143275985176
99,UID_0014954_RVC_004.tbl,HD 19994,82,3.8678052423170635
100,UID_0014954_RVC_005.tbl,HD 19994,16,1.881076567991207
101,UID_0015527_RVC_001.tbl,HD 20782,30,0.9190018502327699
102,UID_0015578_RVC_001.tbl,HD 20868,48,29.216786737922263
103,UID_0016537_RVC_001.tbl,Epsilon Eridani,33,1.1343512833887563
104,UID_0016537_RVC_002.tbl,Epsilon Eridani,120,2.7564512784765385
105,UID_0016537_RVC_003.tbl,Epsilon Eridani,33,1.2163848479042947
106,UID_0016537_RVC_004.tbl,HD 22049,61,8.630578615773262
107,UID_0016537_RVC_005.tbl,HD 22049,127,6.149514910632255
108,UID_0016537_RVC_006.tbl,HD 22049,49,2.216959736543548
109,UID_0017054_RVC_001.tbl,HD 23127,34,2.721583387790817
110,UID_0017096_RVC_001.tbl,HD 23079,19,0.9526840415625384
111,UID_0017096_RVC_002.tbl,HD 23079,14,0.7093165434611037
112,UID_0017187_RVC_001.tbl,HD 22781,32,1.7966594013617316
113,UID_0017747_RVC_001.tbl,HD 23596,39,1.060040798192829
114,UID_0017747_RVC_002.tbl,HD 23596,63,0.8441812198376161
115,UID_0017747_RVC_003.tbl,HD 23596,6,0.34044606432930413
116,UID_0019921_RVC_001.tbl,HD 27442,14,1.3702012307832339
117,UID_0019921_RVC_002.tbl,Epsilon Reticuli,55,3.068635240070469
118,UID_0020277_RVC_001.tbl,HD 27894,20,0.0024079672872693615
119,UID_0020723_RVC_001.tbl,HD 28185,15,1.8987320064117645
120,UID_0020723_RVC_002.tbl,HD 28185,40,1.3510153869659163
121,UID_0020723_RVC_003.tbl,HD 28185,34,0.8326044090093729
122,UID_0020889_RVC_001.tbl,Epsilon Tauri,20,1.7230441948523192
123,UID_0021850_RVC_001.tbl,HD 30177,22,1.1109955787254693
124,UID_0021850_RVC_002.tbl,HD 30177,15,1.3732121420907515
125,UID_0021932_RVC_001.tbl,GJ 176,41,2.7025893827238496
126,UID_0021932_RVC_002.tbl,GJ 176,28,1.673877760885097
127,UID_0021932_RVC_003.tbl,GJ 176,57,3.109746292556405
128,UID_0021932_RVC_004.tbl,2MASS J04425581+1857285,29,
129,UID_0021932_RVC_005.tbl,2MASS J04425581+1857285,29,
130,UID_0022336_RVC_001.tbl,HD 30562,45,1.4155682805151633
131,UID_0022627_RVC_001.tbl,GJ 179,14,1.295408326777728
132,UID_0022627_RVC_002.tbl,GJ 179,30,2.9178305351400624
133,UID_0022826_RVC_001.tbl,HD 31253,39,2.732129630809781
134,UID_0023889_RVC_001.tbl,HD 33283,25,1.936784906570528
135,UID_0024003_RVC_001.tbl,HD 32518,58,2.489856874836912
136,UID_0026381_RVC_001.tbl,HD 37124,30,1.0459033114105927
137,UID_0026381_RVC_002.tbl,HD 37124,15,0.6409823304849461
138,UID_0026381_RVC_003.tbl,HD 37124,52,1.1029266670574158
139,UID_0026394_RVC_001.tbl,pi Men,42,1.1174540783302866
140,UID_0026394_RVC_002.tbl,HD 39091,28,1.0392213569679478
141,UID_0026664_RVC_001.tbl,HD 37605,7,1.7485479334288265
142,UID_0026664_RVC_002.tbl,HD 37605,20,17.074148782842013
143,UID_0026664_RVC_003.tbl,HD 37605,98,21.350902300100543
144,UID_0026664_RVC_004.tbl,HD 37605,33,2.024714805344818
145,UID_0027253_RVC_001.tbl,HD 38529,102,0.9105297726290147
146,UID_0027253_RVC_002.tbl,HD 38529,51,3.504877085159589
147,UID_0027253_RVC_003.tbl,HD 38529,111,2.3823811791804266
148,UID_0027253_RVC_004.tbl,HD 38529,23,2.886423331696665
149,UID_0027253_RVC_005.tbl,HD 38529,52,1.183646900270541
150,UID_0027253_RVC_006.tbl,HD 38529,45,2.7022862013609847
151,UID_0027253_RVC_007.tbl,HD 38529,80,1.6960151595672026
152,UID_0027253_RVC_008.tbl,HD 38529,73,1.73668247676354
153,UID_0027253_RVC_009.tbl,HD 38529,7,0.8768137437176357
154,UID_0027253_RVC_010.tbl,HD 38529,58,7.020741876857988
155,UID_0027253_RVC_011.tbl,HD 38529,117,2.8160159039235944
156,UID_0027384_RVC_001.tbl,HD 38801,10,8.814174088995422
157,UID_0027384_RVC_002.tbl,HD 38801,11,1.0651001968263372
158,UID_0027887_RVC_001.tbl,HD 40307,129,2.3895574539293705
159,UID_0028393_RVC_001.tbl,HD 41004A,86,7.445745460743604
160,UID_0028393_RVC_002.tbl,HD 41004A,103,0.9599732019322934
161,UID_0028393_RVC_003.tbl,HD 41004A,149,0.968689566622808
162,UID_0028767_RVC_001.tbl,HD 40979,26,6.146760974104776
163,UID_0028767_RVC_002.tbl,HD 40979,39,2.2695449113031185
164,UID_0028767_RVC_003.tbl,HD 40979,13,1.4354424138979964
165,UID_0028767_RVC_004.tbl,HD 40979,32,2.4479741214668564
166,UID_0028767_RVC_005.tbl,HD 40979,91,1.8074377936907078
167,UID_0028767_RVC_006.tbl,HD 40979,4,5.73017576187944e-09
168,UID_0030057_RVC_001.tbl,HD 43691,22,1.2266929869591454
169,UID_0030057_RVC_002.tbl,HD 43691,14,1.899705821098551
170,UID_0030579_RVC_001.tbl,HD 45364,58,3.6037699065189375
171,UID_0030860_RVC_001.tbl,HD 45350,38,1.517961398773552
172,UID_0030860_RVC_002.tbl,HD 45350,28,0.989220240971678
173,UID_0030860_RVC_003.tbl,HD 45350,45,1.2581390501958105
174,UID_0030860_RVC_004.tbl,HD 45350,30,1.2128097540090836
175,UID_0030905_RVC_001.tbl,HD 45652,19,1.663321230669977
176,UID_0030905_RVC_002.tbl,HD 45652,14,2.121778004781389
177,UID_0030905_RVC_003.tbl,HD 45652,12,1.5546793732971396
178,UID_0031039_RVC_001.tbl,6 Lyn,30,1.634536170045007
179,UID_0031246_RVC_001.tbl,HD 46375,50,1.5961636049026062
180,UID_0031246_RVC_002.tbl,HD 46375,24,1.377019382008614
181,UID_0031540_RVC_001.tbl,HD 47186,66,2.5523438845911444
182,UID_0031592_RVC_001.tbl,7 CMa,21,1.312934808846642
183,UID_0031688_RVC_001.tbl,HD 47536,38,1.0904258368467445
184,UID_0031895_RVC_001.tbl,HD 48265,8,0.3949695447490861
185,UID_0031895_RVC_002.tbl,HD 48265,17,1.5118409281033198
186,UID_0032916_RVC_001.tbl,HD 49674,24,1.408302645220188
187,UID_0032916_RVC_002.tbl,HD 49674,39,1.3908132600123384
188,UID_0032970_RVC_001.tbl,HD 50499,35,1.2838437425140374
189,UID_0033212_RVC_001.tbl,HD 50554,22,5.812111462763936
190,UID_0033212_RVC_002.tbl,HD 50554,29,2.6510245530136567
191,UID_0033212_RVC_003.tbl,HD 50554,11,1.7704682530962255
192,UID_0033212_RVC_004.tbl,HD 50554,15,1.6148651589035485
193,UID_0033212_RVC_005.tbl,HD 50554,41,4.151181269233955
194,UID_0033719_RVC_001.tbl,HD 52265,17,0.7073747444166735
195,UID_0033719_RVC_002.tbl,HD 52265,28,1.8010893455685983
196,UID_0033719_RVC_003.tbl,HD 52265,91,1.1768026673457213
197,UID_0036795_RVC_001.tbl,HD 60532,147,4.323956725952558
198,UID_0037284_RVC_001.tbl,HD 63454,26,1.9459314129291976
199,UID_0037826_RVC_001.tbl,Beta Gem,165,1.5294288017953475
200,UID_0037826_RVC_002.tbl,Beta Gem,19,2.628807919987363
201,UID_0037826_RVC_003.tbl,Beta Gem,32,1.2691030493230007
202,UID_0037826_RVC_004.tbl,Beta Gem,22,2.237218942692239
203,UID_0037826_RVC_005.tbl,Beta Gem,11,2.272765596347573
204,UID_0037826_RVC_006.tbl,Beta Gem,22,3.216162446769751
205,UID_0037826_RVC_007.tbl,Pollux,80,2.390745911745542
206,UID_0038558_RVC_001.tbl,HD 65216,70,1.3410843697326187
207,UID_0039417_RVC_001.tbl,HD 66428,29,1.3531938494327904
208,UID_0040687_RVC_001.tbl,HD 68988,28,5.428792809093996
209,UID_0040687_RVC_002.tbl,HD 68988,13,3.3450036497192897
210,UID_0040687_RVC_003.tbl,HD 68988,6,0.8523948951425403
211,UID_0040693_RVC_001.tbl,HD 69830,74,1.1705334844462487
212,UID_0040693_RVC_002.tbl,HD 69830,106,3.5862208916724554
213,UID_0040693_RVC_003.tbl,HD 69830,31,1.904393641105631
214,UID_0040952_RVC_001.tbl,HD 70642,28,1.6671480789996471
215,UID_0040952_RVC_002.tbl,HD 70642,21,1.2554632824685046
216,UID_0041704_RVC_001.tbl,omicron UMa,26,1.6253472904450539
217,UID_0042030_RVC_001.tbl,HD 72659,12,2.25554787047334
218,UID_0042030_RVC_002.tbl,HD 72659,32,2.940696564263926
219,UID_0042030_RVC_003.tbl,HD 72659,53,0.7851358578288379
220,UID_0042202_RVC_001.tbl,HD 73267,39,1.4343069546810925
221,UID_0042282_RVC_001.tbl,HD 73526,18,1.507132571480269
222,UID_0042282_RVC_002.tbl,HD 73526,30,2.404524179402529
223,UID_0042446_RVC_001.tbl,HD 73534,20,3.2285391358683793
224,UID_0042723_RVC_001.tbl,HD 74156,82,3.335800622453674
225,UID_0042723_RVC_002.tbl,HD 74156,44,1.545819735981101
226,UID_0042723_RVC_003.tbl,HD 74156,51,0.9841573554285317
227,UID_0042723_RVC_004.tbl,HD 74156,82,0.9927348439295021
228,UID_0043177_RVC_001.tbl,HD 75289,13,1.0303437532035271
229,UID_0043177_RVC_002.tbl,HD 75289,30,1.4403660739059259
230,UID_0043177_RVC_003.tbl,HD 75289,88,0.8826165529871864
231,UID_0043587_RVC_001.tbl,55 Cnc,70,5.290895137080099
232,UID_0043587_RVC_002.tbl,55 Cnc,250,2.0119748353030316
233,UID_0043587_RVC_003.tbl,55 Cnc,146,2.227622028312824
234,UID_0043587_RVC_004.tbl,55 Cnc,119,1.0058017551899265
235,UID_0043587_RVC_005.tbl,55 Cnc,48,1.172725282806764
236,UID_0043587_RVC_006.tbl,HD 75732,193,7.470018112098981
237,UID_0043587_RVC_007.tbl,HD 75732,24,2.275166160219458
238,UID_0043587_RVC_008.tbl,HD 75732,274,4.149731326578538
239,UID_0043587_RVC_009.tbl,HD 75732,14,0.5980182899603532
240,UID_0043674_RVC_001.tbl,HD 75898,20,2.6111498859000846
241,UID_0043686_RVC_001.tbl,HD 76700,35,1.5393766595807332
242,UID_0043686_RVC_002.tbl,HD 76700,24,0.9079388215891687
243,UID_0043790_RVC_001.tbl,GJ 328,58,0.9241746584653598
244,UID_0045406_RVC_001.tbl,HD 79498,65,3.4496869209091683
245,UID_0045982_RVC_001.tbl,HD 80606,46,1.1571423012871191
246,UID_0045982_RVC_002.tbl,HD 80606,19,1.2169809279602097
247,UID_0045982_RVC_003.tbl,HD 80606,48,1.4306349376556105
248,UID_0045982_RVC_004.tbl,HD 80606,55,1.3639088348222645
249,UID_0045982_RVC_005.tbl,HD 80606,6,0.8682286023628462
250,UID_0045982_RVC_006.tbl,HD 80606,73,3.1873318534486703
251,UID_0045982_RVC_007.tbl,HD 80606,23,2.948428152360661
252,UID_0045982_RVC_008.tbl,HD 80606,23,0.5491171433828421
253,UID_0046076_RVC_001.tbl,HD 81040,23,1.8847678862343564
254,UID_0046076_RVC_002.tbl,HD 81040,3,4099.800512550537
255,UID_0046471_RVC_001.tbl,HD 81688,81,3.8319398125320747
256,UID_0047007_RVC_001.tbl,HD 82943,23,2.0422356158880435
257,UID_0047202_RVC_001.tbl,HD 83443,16,0.6780762597147838
258,UID_0047202_RVC_002.tbl,HD 83443,20,1.3489593285129151
259,UID_0047202_RVC_003.tbl,HD 83443,23,1.30510904846228
260,UID_0047202_RVC_004.tbl,HD 83443,28,1.326857512900892
261,UID_0047202_RVC_005.tbl,HD 83443,257,1.9483452133304286
262,UID_0048711_RVC_001.tbl,HD 86081,26,1.1645054234556205
263,UID_0048739_RVC_001.tbl,HD 86226,13,1.1581607571662056
264,UID_0048780_RVC_001.tbl,HD 86264,37,1.4331787561480458
265,UID_0049067_RVC_001.tbl,BD -08 2823,83,2.8198863726885914
266,UID_0049081_RVC_001.tbl,HD 86728,44,2.704072443824496
267,UID_0049081_RVC_002.tbl,HD 86728,59,3.2262033981082188
268,UID_0049081_RVC_003.tbl,HD 86728,15,0.8180885641777674
269,UID_0049699_RVC_001.tbl,HD 87883,25,2.0863665641450693
270,UID_0049699_RVC_002.tbl,HD 87883,44,3.3534353516146993
271,UID_0049813_RVC_001.tbl,HD 88133,21,1.703178101525436
272,UID_0049813_RVC_002.tbl,HD 88133,17,0.9944437268652874
273,UID_0050473_RVC_001.tbl,HD 89307,12,1.050799978190969
274,UID_0050473_RVC_002.tbl,HD 89307,59,1.4754298815504683
275,UID_0050583_RVC_001.tbl,Gamma 1 Leo,205,6.945881547752806
276,UID_0050786_RVC_001.tbl,HD 89744,50,1.318570946412437
277,UID_0050786_RVC_002.tbl,HD 89744,94,5.198958258225441
278,UID_0050786_RVC_003.tbl,HD 89744,33,1.1360886391838025
279,UID_0050786_RVC_004.tbl,HD 89744,9,1.4783502164864213
280,UID_0050887_RVC_001.tbl,24 Sextanis,24,2.6580303504382523
281,UID_0050887_RVC_002.tbl,24 Sextanis,50,1.767962052341586
282,UID_0052409_RVC_001.tbl,HD 92788,27,1.241165521195606
283,UID_0052409_RVC_002.tbl,HD 92788,31,1.1152235904954555
284,UID_0052409_RVC_003.tbl,HD 92788,12,0.9031140446553364
285,UID_0052409_RVC_004.tbl,HD 92788,15,0.791108683603823
286,UID_0052409_RVC_005.tbl,HD 92788,55,1.813665136532854
287,UID_0052521_RVC_001.tbl,HD 93083,16,1.3135461682325047
288,UID_0053666_RVC_001.tbl,HD 95089,22,4.9393283318398575
289,UID_0053721_RVC_001.tbl,47 UMa,91,1.4662119603957873
290,UID_0053721_RVC_002.tbl,47 UMa,44,1.0791657173133753
291,UID_0053721_RVC_003.tbl,47 UMa,200,3.671897465342372
292,UID_0053721_RVC_004.tbl,47 UMa,35,1.1946914985569812
293,UID_0053721_RVC_005.tbl,47 UMa,77,1.5173070751222861
294,UID_0053721_RVC_006.tbl,47 UMa,43,1.5369677232350412
295,UID_0053721_RVC_007.tbl,HD 95128,48,2.498014500398671
296,UID_0053721_RVC_008.tbl,HD 95128,215,4.097825429420005
297,UID_0053721_RVC_009.tbl,HD 95128,19,0.9204075908813212
298,UID_0054195_RVC_001.tbl,HD 96167,47,3.2545896042648
299,UID_0054232_RVC_001.tbl,HD 96127,50,9.007955409585188
300,UID_0055664_RVC_001.tbl,HD 99109,41,1.8901781814739833
301,UID_0055848_RVC_001.tbl,83 Leo B,51,1.1043157015425193
302,UID_0055848_RVC_002.tbl,HD 99492,35,1.4326435282754555
303,UID_0056508_RVC_001.tbl,HD 100655,13,1.3303018873144368
304,UID_0056508_RVC_002.tbl,HD 100655,32,1.7382625172467872
305,UID_0056528_RVC_001.tbl,GJ 433,166,1.039825049556405
306,UID_0057050_RVC_001.tbl,HIP 57050,37,2.8248280773118504
307,UID_0057087_RVC_001.tbl,GJ 436,42,1.135396961148642
308,UID_0057087_RVC_002.tbl,GJ 436,55,0.8490490134552622
309,UID_0057087_RVC_003.tbl,GJ 436,59,1.6922419760004401
310,UID_0057087_RVC_004.tbl,2MASS J11421096+2642251,28,
311,UID_0057087_RVC_005.tbl,2MASS J11421096+2642251,28,
312,UID_0057172_RVC_001.tbl,HD 101930,16,1.8041112141567837
313,UID_0057291_RVC_001.tbl,HD 102117,44,1.0554584799157996
314,UID_0057291_RVC_002.tbl,HD 102117,13,1.9955181514853795
315,UID_0057291_RVC_003.tbl,HD 102117,37,0.9876251214407097
316,UID_0057370_RVC_001.tbl,HD 102195,10,1.8079374217589494
317,UID_0057370_RVC_002.tbl,HD 102195,14,0.8923843059542157
318,UID_0057370_RVC_003.tbl,HD 102195,35,1.1092720138444254
319,UID_0057370_RVC_004.tbl,HD 102195,19,13.358094893626305
320,UID_0058952_RVC_001.tbl,HD 104985,26,2.9830636106482578
321,UID_0058952_RVC_002.tbl,HD 104985,52,4.057060084146227
322,UID_0059610_RVC_001.tbl,HD 106252,15,0.7791443458366707
323,UID_0059610_RVC_002.tbl,HD 106252,15,3.126211838668299
324,UID_0059610_RVC_003.tbl,HD 106252,40,1.1594890406785054
325,UID_0059610_RVC_004.tbl,HD 106252,43,0.8650016281811708
326,UID_0059610_RVC_005.tbl,HD 106252,12,1.0938380005754202
327,UID_0060081_RVC_001.tbl,HD 107148,35,1.1987365384901771
328,UID_0060202_RVC_001.tbl,11 Com,28,29.906810412056693
329,UID_0060202_RVC_002.tbl,11 Com,18,4.542020879964715
330,UID_0060644_RVC_001.tbl,HD 108147,54,2.1854629280951148
331,UID_0060644_RVC_002.tbl,HD 108147,118,2.4265047047843082
332,UID_0061028_RVC_001.tbl,HD 108874,20,1.3207122542031868
333,UID_0061028_RVC_002.tbl,HD 108874,49,1.1247789260778482
334,UID_0061028_RVC_003.tbl,HD 108874,40,0.7260339447556168
335,UID_0061028_RVC_004.tbl,HD 108874,55,2.7970615638234277
336,UID_0061595_RVC_001.tbl,HD 109749,21,0.9782186328846613
337,UID_0062534_RVC_001.tbl,HD 111232,38,1.3672807563281506
338,UID_0062534_RVC_002.tbl,HD 111232,15,1.3438262769963598
339,UID_0064295_RVC_001.tbl,HD 114386,58,1.5517951634789184
340,UID_0064457_RVC_001.tbl,HD 114783,54,1.7843242199923002
341,UID_0064457_RVC_002.tbl,HD 114783,37,1.678066502716049
342,UID_0064457_RVC_003.tbl,HD 114783,34,0.8004669011291202
343,UID_0064459_RVC_001.tbl,HD 114729,38,1.5717184201791072
344,UID_0064459_RVC_002.tbl,HD 114729,42,1.448808833361584
345,UID_0064924_RVC_001.tbl,61 Vir,26,1.9201487514810969
346,UID_0064924_RVC_002.tbl,61 Vir,126,2.8907784101753355
347,UID_0064924_RVC_003.tbl,61 Vir,80,4.108915047702047
348,UID_0064924_RVC_004.tbl,HD 115617,103,3.5386367191130863
349,UID_0064924_RVC_005.tbl,HD 115617,95,3.0931412149244912
350,UID_0064924_RVC_006.tbl,HD 115617,14,1.0184875843758547
351,UID_0065721_RVC_001.tbl,70 Vir,74,1.4689951206487912
352,UID_0065721_RVC_002.tbl,70 Vir,35,0.8075732433571087
353,UID_0065721_RVC_003.tbl,HD 117176,54,3.110448955515032
354,UID_0065721_RVC_004.tbl,HD 117176,98,3.5609759177694653
355,UID_0065721_RVC_005.tbl,HD 117176,21,0.8745839262762067
356,UID_0065808_RVC_001.tbl,HD 117207,43,1.3527779519390937
357,UID_0065808_RVC_002.tbl,HD 117207,35,1.5666532591158269
358,UID_0066047_RVC_001.tbl,HD 117618,57,1.552049162363074
359,UID_0066047_RVC_002.tbl,HD 117618,47,1.1783073413254108
360,UID_0066192_RVC_001.tbl,HD 118203,43,1.53056299712314
361,UID_0066903_RVC_001.tbl,HD 120084,33,1.8254227744690628
362,UID_0067275_RVC_001.tbl,Tau Boo,98,3.3943366515041418
363,UID_0067275_RVC_002.tbl,HD 120136,99,4.145777869642878
364,UID_0067275_RVC_003.tbl,HD 120136,24,2.905203743732195
365,UID_0068162_RVC_001.tbl,HD 121504,100,2.0008789973309997
366,UID_0070123_RVC_001.tbl,HD 125612,19,2.0895618924954427
367,UID_0070890_RVC_001.tbl,Proxima Cen,144,2.1397273343492653
368,UID_0070890_RVC_002.tbl,Proxima Cen,70,2.3353652388091906
369,UID_0071395_RVC_001.tbl,HD 128311,30,4.169791136093016
370,UID_0071395_RVC_002.tbl,HD 128311,76,5.250538242824425
371,UID_0071395_RVC_003.tbl,HD 128311,78,3.6311419793122885
372,UID_0072203_RVC_001.tbl,HD 129445,17,1.2390659690417256
373,UID_0072339_RVC_001.tbl,HD 130322,12,2.7125602498341412
374,UID_0072339_RVC_002.tbl,HD 130322,118,1.2946392538941083
375,UID_0072339_RVC_003.tbl,HD 130322,30,1.0371794410125923
376,UID_0072339_RVC_004.tbl,HD 130322,5,0.07234438550044694
377,UID_0074500_RVC_001.tbl,HD 134987,11,2.237565767619401
378,UID_0074500_RVC_002.tbl,HD 134987,34,3.484168038049858
379,UID_0074500_RVC_003.tbl,HD 134987,56,3.9314846411381987
380,UID_0074500_RVC_004.tbl,HD 134987,63,7.200085263867927
381,UID_0074500_RVC_005.tbl,HD 134987,75,8.665927395457508
382,UID_0074500_RVC_006.tbl,HD 134987,43,3.3770303694880064
383,UID_0074793_RVC_001.tbl,11 UMi,58,5.125816690681949
384,UID_0074948_RVC_001.tbl,HD 136118,37,1.4467030961036882
385,UID_0074948_RVC_002.tbl,HD 136118,33,5.742175515826799
386,UID_0074948_RVC_003.tbl,HD 136118,63,1.2948778669911114
387,UID_0074948_RVC_004.tbl,HD 136118,64,1.6339271791190515
388,UID_0074948_RVC_005.tbl,HD 136118,4,0.14170776469261312
389,UID_0074961_RVC_001.tbl,HD 136418,24,6.8219289477859215
390,UID_0074995_RVC_001.tbl,Gl 581,20,1.1555153336850892
391,UID_0074995_RVC_002.tbl,GJ 581,119,2.0437377715201706
392,UID_0074995_RVC_003.tbl,Gl 581,50,2.0714585126141225
393,UID_0075049_RVC_001.tbl,omicron CrB,85,3.9262048512895453
394,UID_0075181_RVC_001.tbl,HD 136352,23,2.8143354399694775
395,UID_0075458_RVC_001.tbl,Iota Draconis,119,3.7366152126484193
396,UID_0075458_RVC_002.tbl,Iota Draconis,56,3.439835282220096
397,UID_0076311_RVC_001.tbl,HD 139357,49,1.8474481678674057
398,UID_0077257_RVC_001.tbl,HD 141004,81,7.416819186746245
399,UID_0077257_RVC_002.tbl,HD 141004,8,1.4554736514063917
400,UID_0077257_RVC_003.tbl,HD 141004,149,3.8709092853506344
401,UID_0077257_RVC_004.tbl,HD 141004,16,1.429501828973979
402,UID_0077517_RVC_001.tbl,HD 330075,21,1.742534414539508
403,UID_0077578_RVC_001.tbl,omega Ser,123,6.5117609432673085
404,UID_0077655_RVC_001.tbl,Kappa CrB,48,1.537910799264398
405,UID_0077740_RVC_001.tbl,HD 141937,81,8.123920464419605
406,UID_0078159_RVC_001.tbl,epsilon CrB,52,3.0088397855639233
407,UID_0078169_RVC_001.tbl,HD 142415,137,1.957931883226425
408,UID_0078459_RVC_001.tbl,Rho CrB,26,1.1180738714538099
409,UID_0078521_RVC_001.tbl,HD 143361,6,0.4348582157290322
410,UID_0078521_RVC_002.tbl,HD 143361,12,1.1918631450914525
411,UID_0079219_RVC_001.tbl,HD 145457,23,1.671965555692244
412,UID_0079219_RVC_002.tbl,HD 145457,3,0.35099356480120575
413,UID_0079242_RVC_001.tbl,HD 142022A,70,2.214341275181425
414,UID_0079242_RVC_002.tbl,HD 142022A,6,1.2547357870467934
415,UID_0079346_RVC_001.tbl,HD 145377,64,22.877930353630436
416,UID_0079431_RVC_001.tbl,HIP 79431,13,1.1895670968986416
417,UID_0080076_RVC_001.tbl,HD 147506,53,0.9941334593004838
418,UID_0080076_RVC_002.tbl,HD 147506,13,36.20884816121351
419,UID_0080076_RVC_003.tbl,HD 147506,10,1.903321983099012
420,UID_0080076_RVC_004.tbl,HD 147506,63,4.1109052942319675
421,UID_0080076_RVC_005.tbl,HAT-P-2,14,4.420156321159458
422,UID_0080337_RVC_001.tbl,HD 147513,30,1.7018383813158675
423,UID_0080838_RVC_001.tbl,HD 149026,16,1.5260958758733483
424,UID_0080838_RVC_002.tbl,HD 149026,7,1.5135560675706408
425,UID_0080838_RVC_003.tbl,HD 149026,4,0.6167324654746072
426,UID_0081022_RVC_001.tbl,HD 149143,8,1.7256185026369102
427,UID_0081022_RVC_002.tbl,HD 149143,17,0.6336060913054432
428,UID_0082632_RVC_001.tbl,HD 152079,15,1.2060315122566914
429,UID_0083043_RVC_001.tbl,GJ 649,43,1.4718733496934673
430,UID_0083547_RVC_001.tbl,HD 153950,49,5.436011324694224
431,UID_0083949_RVC_001.tbl,HD 155358,71,3.1106051508730435
432,UID_0083949_RVC_002.tbl,HD 155358,122,1.3643880600964589
433,UID_0083983_RVC_001.tbl,HD 154672,6,1.3407856643245017
434,UID_0083983_RVC_002.tbl,HD 154672,16,2.05719986683748
435,UID_0084069_RVC_001.tbl,HD 154857,18,1.989659927783102
436,UID_0084069_RVC_002.tbl,HD 154857,28,4.6815540903062525
437,UID_0084171_RVC_001.tbl,HD 156279,15,2.0973343548022765
438,UID_0085523_RVC_001.tbl,GJ 674,32,4.504566172040285
439,UID_0085647_RVC_001.tbl,GJ 676 A,75,2.1710303232357337
440,UID_0086375_RVC_001.tbl,HD 159868,28,4.795427666107618
441,UID_0086796_RVC_001.tbl,HD 160691,21,0.8869625109276604
442,UID_0086796_RVC_002.tbl,mu Ara,108,1.7268384931598948
443,UID_0086796_RVC_003.tbl,HD 160691,38,1.3653327827298156
444,UID_0086796_RVC_004.tbl,HD 160691,45,0.9594782951583037
445,UID_0086796_RVC_005.tbl,mu Arae,40,1.4464409647900653
446,UID_0086796_RVC_006.tbl,mu Arae,86,2.5315766188570907
447,UID_0087330_RVC_001.tbl,HD 162020,46,41.323702046990235
448,UID_0087601_RVC_001.tbl,HD 163607,53,2.456384744228073
449,UID_0088268_RVC_001.tbl,HD 164509,49,3.526036853069509
450,UID_0088348_RVC_001.tbl,HD 164922,64,0.9874972536826545
451,UID_0088414_RVC_001.tbl,HD 164604,18,1.6912023029793382
452,UID_0089047_RVC_001.tbl,HD 167042,31,1.5627393570737929
453,UID_0089047_RVC_002.tbl,HD 167042,29,1.2830942437087172
454,UID_0089844_RVC_001.tbl,HD 168443,106,1.7820341328065958
455,UID_0089844_RVC_002.tbl,HD 168443,30,1.3015429480660845
456,UID_0089844_RVC_003.tbl,HD 168443,66,1.8788325065534173
457,UID_0089844_RVC_004.tbl,HD 168443,72,1.9121431556560613
458,UID_0089844_RVC_005.tbl,HD 168443,22,1.2663060608258043
459,UID_0089844_RVC_006.tbl,HD 168443,112,3.221341852591343
460,UID_0090004_RVC_001.tbl,HD 168746,16,1.2074110705717191
461,UID_0090004_RVC_002.tbl,HD 168746,154,1.5774552147102063
462,UID_0090485_RVC_001.tbl,HD 169830,35,1.2300394178058207
463,UID_0090593_RVC_001.tbl,HD 170469,35,2.5289421876757925
464,UID_0091852_RVC_001.tbl,HD 173416,30,2.1184038439788755
465,UID_0091852_RVC_002.tbl,HD 173416,22,1.001992465359828
466,UID_0092895_RVC_001.tbl,HD 175541,29,2.470671432239289
467,UID_0093746_RVC_001.tbl,HD 177830,54,2.3493874436901256
468,UID_0093746_RVC_002.tbl,HD 177830,29,2.0303375120024394
469,UID_0094075_RVC_001.tbl,HD 178911B,14,8.429224393288308
470,UID_0094075_RVC_002.tbl,HD 178911B,40,5.531079337032265
471,UID_0094075_RVC_003.tbl,HD 178911B,44,3.7730930475170044
472,UID_0094075_RVC_004.tbl,HD 178911B,7,0.8342579243936089
473,UID_0094256_RVC_001.tbl,HD 179079,74,3.09236674145961
474,UID_0094576_RVC_001.tbl,HD 180314,21,3.140864912868615
475,UID_0094576_RVC_002.tbl,HD 180314,3,1.5710275833773097
476,UID_0094645_RVC_001.tbl,HD 179949,65,2.0908454698570638
477,UID_0094645_RVC_002.tbl,HD 179949,23,1.7873101038086623
478,UID_0094645_RVC_003.tbl,HD 179949,20,1.8325713630810896
479,UID_0094645_RVC_004.tbl,HD 179949,3,12.755809449009485
480,UID_0094645_RVC_005.tbl,HD 179949,17,1.223118840519709
481,UID_0094951_RVC_001.tbl,HD 180902,12,2.191389359911552
482,UID_0095124_RVC_001.tbl,HD 181342,17,4.2487070277017
483,UID_0095467_RVC_001.tbl,HD 181433,107,2.884467064189967
484,UID_0095740_RVC_001.tbl,HD 183263,34,1.1612937528874068
485,UID_0095740_RVC_002.tbl,HD 183263,29,1.1505203876107823
486,UID_0095740_RVC_003.tbl,HD 183263,41,2.363571422706187
487,UID_0096078_RVC_001.tbl,HD 231701,17,1.5335300929275124
488,UID_0096507_RVC_001.tbl,HD 185269,30,1.7624894778235731
489,UID_0096507_RVC_002.tbl,HD 185269,38,1581.768920665403
490,UID_0096901_RVC_001.tbl,16 Cyg B,95,1.2079664175538236
491,UID_0096901_RVC_002.tbl,16 Cyg B,29,0.8474831871218781
492,UID_0096901_RVC_003.tbl,16 Cyg B,41,1.5110217932007777
493,UID_0096901_RVC_004.tbl,16 Cyg B,450,17.556786601987458
494,UID_0097336_RVC_001.tbl,HD 187123,65,0.9831223022938527
495,UID_0097336_RVC_002.tbl,HD 187123,57,1.224763782568448
496,UID_0097336_RVC_003.tbl,HD 187123,41,1.1940058958754947
497,UID_0097546_RVC_001.tbl,HD 187085,40,1.5689914960620153
498,UID_0097657_RVC_001.tbl,HAT-P-11,53,38.08699983963885
499,UID_0097769_RVC_001.tbl,HD 188015,44,1.366653867243557
500,UID_0097769_RVC_002.tbl,HD 188015,35,1.944493925318699
501,UID_0097938_RVC_001.tbl,Xi Aql,26,3.233944179169637
502,UID_0098505_RVC_001.tbl,HD 189733,78,16.7829636399737
503,UID_0098505_RVC_002.tbl,HD 189733,86,17.846495683104855
504,UID_0098714_RVC_001.tbl,HD 190228,51,1.0800353342876086
505,UID_0098714_RVC_002.tbl,HD 190228,42,0.6973376762061128
506,UID_0098714_RVC_003.tbl,HD 190228,8,1.0416402437708183
507,UID_0099115_RVC_001.tbl,HD 190647,21,2.551667540446249
508,UID_0099711_RVC_001.tbl,HD 192263,31,2.2684811434971643
509,UID_0099711_RVC_002.tbl,HD 192263,181,1.8226272011674756
510,UID_0099711_RVC_003.tbl,HD 192263,15,1.4140408986230912
511,UID_0099825_RVC_001.tbl,HD 192310,142,3.4929868463930482
512,UID_0099894_RVC_001.tbl,HD 192699,34,1.7162814809670983
513,UID_0100970_RVC_001.tbl,HD 195019,37,1.9913154662872856
514,UID_0100970_RVC_002.tbl,HD 195019,117,1.5026423042441275
515,UID_0100970_RVC_003.tbl,HD 195019,7,1.914740191587078
516,UID_0100970_RVC_004.tbl,HD 195019,7,1.260805312127525
517,UID_0100970_RVC_005.tbl,HD 195019,5,0.7111860469786085
518,UID_0100970_RVC_006.tbl,HD 195019,14,1.2906871194843181
519,UID_0100970_RVC_007.tbl,HD 195019,19,1.3456490559131657
520,UID_0101966_RVC_001.tbl,HD 196885,33,2.8272650377812694
521,UID_0101966_RVC_002.tbl,HD 196885,9,0.51768527168734
522,UID_0101966_RVC_003.tbl,HD 196885,69,1.8054707552925833
523,UID_0101966_RVC_004.tbl,HD 196885A,76,1.9564323321507113
524,UID_0103527_RVC_001.tbl,18 Del,51,2.234897749221797
525,UID_0104780_RVC_001.tbl,BD +14 4559,43,1.404841266130767
526,UID_0104903_RVC_001.tbl,HD 202206,95,41.05385072833766
527,UID_0106006_RVC_001.tbl,HD 204313,36,0.8839206664989057
528,UID_0106824_RVC_001.tbl,HD 205739,24,1.8186987281438451
529,UID_0107251_RVC_001.tbl,HD 206610,24,3.4596644347680865
530,UID_0107985_RVC_001.tbl,HD 207832,86,4.412893423587621
531,UID_0108296_RVC_001.tbl,HD 208527,24,8.893962160605536
532,UID_0108375_RVC_001.tbl,HD 208487,35,1.609173770295331
533,UID_0108375_RVC_002.tbl,HD 208487,31,1.4966821415190097
534,UID_0108859_RVC_001.tbl,HD 209458,64,1.3348579860096916
535,UID_0108859_RVC_002.tbl,HD 209458,85,3.612134899064995
536,UID_0108859_RVC_003.tbl,HD 209458,141,1.7076533688527438
537,UID_0108859_RVC_004.tbl,HD 209458,46,1.1796457589346638
538,UID_0108859_RVC_005.tbl,HD 209458,51,3.6706811657020677
539,UID_0109378_RVC_001.tbl,HD 210277,69,2.855305649782989
540,UID_0109378_RVC_002.tbl,HD 210277,34,1.5037303376227253
541,UID_0109378_RVC_003.tbl,HD 210277,42,0.8968946925551547
542,UID_0109378_RVC_004.tbl,HD 210277,45,2.383965836339446
543,UID_0109378_RVC_005.tbl,HD 210277,21,1.8351890076732882
544,UID_0109388_RVC_001.tbl,GJ 849,29,1.7937997370874839
545,UID_0109577_RVC_001.tbl,HD 210702,29,1.57120190841885
546,UID_0110813_RVC_001.tbl,HD 212771,20,3.9908063116720567
547,UID_0110852_RVC_001.tbl,HD 212301,23,2.4292658568763246
548,UID_0111143_RVC_001.tbl,HD 213240,30,7.041707456721687
549,UID_0111143_RVC_002.tbl,HD 213240,72,2.429419271615942
550,UID_0113020_RVC_001.tbl,GJ 876,113,7.141474487022846
551,UID_0113020_RVC_002.tbl,GJ 876,54,3.9651932735371123
552,UID_0113020_RVC_003.tbl,GJ 876,16,1.5394620688685514
553,UID_0113020_RVC_004.tbl,GJ 876,155,10.44841363404271
554,UID_0113044_RVC_001.tbl,Tau 1 Gruis,58,1.3652256249938515
555,UID_0113044_RVC_002.tbl,Tau 1 Gruis,44,1.2213227414011978
556,UID_0113238_RVC_001.tbl,HD 216770,16,1.5239872214688892
557,UID_0113357_RVC_001.tbl,51 Peg,256,1.0775545040906789
558,UID_0113357_RVC_002.tbl,51 Peg,111,1.0991273809488171
559,UID_0113357_RVC_003.tbl,51 Peg,153,1.6814694261266243
560,UID_0113357_RVC_004.tbl,HD 217014,41,2.096721497492807
561,UID_0113357_RVC_005.tbl,HD 217014,202,3.816620987716612
562,UID_0114322_RVC_001.tbl,HD 218566,56,2.7532478642585057
563,UID_0114622_RVC_001.tbl,HD 219134,113,4.649249487147969
564,UID_0114622_RVC_002.tbl,HD 219134,1,0.03815440069881538
565,UID_0114622_RVC_003.tbl,HD 219134,35,3.1676013154744163
566,UID_0114622_RVC_004.tbl,HD 219134,11,0.6318613098598045
567,UID_0114840_RVC_001.tbl,HD 240237,40,4.9288426238835665
568,UID_0115100_RVC_001.tbl,HD 219828,22,2.410053773099363
569,UID_0115218_RVC_001.tbl,HD 220074,32,9.117724008831567
570,UID_0115697_RVC_001.tbl,HD 220773,43,1.6046137324533467
571,UID_0116076_RVC_001.tbl,14 And,34,3.522813443996333
572,UID_0116084_RVC_001.tbl,HD 221287,26,4.3170982567210014
573,UID_0116727_RVC_001.tbl,Gamma Ceph,26,1.5136232200695787
574,UID_0116727_RVC_002.tbl,Gamma Cephei,33,2.6642793474559148
575,UID_0116727_RVC_003.tbl,Gamma Cephei,29,1.8069457004512706
576,UID_0116727_RVC_004.tbl,Gamma Cephei,5,0.6599184772714439
577,UID_0116727_RVC_005.tbl,Gamma Cephei,3,105.71679402840722
578,UID_0116727_RVC_006.tbl,Gamma Cephei,7,1.53122758969565
579,UID_0116727_RVC_007.tbl,Gamma Cephei,11,26.11282277556243
580,UID_0116727_RVC_008.tbl,Gamma Cephei,43,0.8879636445684066
581,UID_0116727_RVC_009.tbl,Gamma Cephei,49,2.1595482414439497
582,UID_0116727_RVC_010.tbl,Gamma Cephei,39,1.002232982106266
583,UID_0116727_RVC_011.tbl,Gamma Cephei,3,194.7547468164089
584,UID_0116727_RVC_012.tbl,Gamma Cephei,69,22.150321093075735
585,UID_0116906_RVC_001.tbl,HD 222582,37,11.786390122127466
586,UID_0116906_RVC_002.tbl,HD 222582,24,4.176518422208682
587,UID_0118319_RVC_001.tbl,HD 224693,24,1.3346665538154927
588,UID_0152734_RVC_001.tbl,HD 41004B,86,823.5190010947857
589,UID_0152734_RVC_002.tbl,HD 41004B,103,0.9186273606396549
590,UID_0152734_RVC_003.tbl,HD 41004B,149,0.9696823752549435
591,UID_0250257_RVC_001.tbl,GJ 317,18,2.34961985033736
592,UID_0250599_RVC_001.tbl,GJ 1214,27,1.094043074312793
593,UID_0250911_RVC_001.tbl,GJ 3470,61,1.4692446130438692
594,UID_0250999_RVC_001.tbl,GJ 3634,54,1.1901040467242103
595,UID_0300004_RVC_002.tbl,OGLE-TR-132,5,0.30373082694977194
596,UID_0300005_RVC_001.tbl,OGLE-TR-56,3,705.2978169376877
597,UID_0300005_RVC_002.tbl,OGLE-TR-56,5,0.8967219699428882
598,UID_0300005_RVC_003.tbl,OGLE-TR-56,11,1.2215141109271725
599,UID_0300006_RVC_001.tbl,TrES-1,8,0.7516063199851234
600,UID_0300006_RVC_002.tbl,TrES-3,20,1.1629810226183985
601,UID_0300007_RVC_001.tbl,XO-1,6,0.32923420002080117
602,UID_0300007_RVC_002.tbl,XO-1,4,0.0858799623134919
603,UID_0300008_RVC_001.tbl,BD -10 3166,17,1.4947183325985038
604,UID_0300008_RVC_002.tbl,BD -10 3166,31,1.385982092205355
605,UID_0300013_RVC_001.tbl,TrES-2,11,0.8316560458649745
606,UID_0300013_RVC_002.tbl,TrES-2,56,1.0746958577677646
607,UID_0300013_RVC_003.tbl,2MASS J19071403+4918590,21,
608,UID_0300013_RVC_004.tbl,2MASS J19071403+4918590,21,
609,UID_0300014_RVC_001.tbl,HAT-P-1,9,6.630940155642487
610,UID_0300014_RVC_002.tbl,HAT-P-1,4,7.4887016357064535e-06
611,UID_0300014_RVC_003.tbl,HAT-P-1,88,4.677903327121007
612,UID_0300014_RVC_004.tbl,HAT-P-1,33,1.2611130343324424
613,UID_0300014_RVC_005.tbl,HAT-P-1,4,0.6236513257254437
614,UID_0300014_RVC_006.tbl,2MASS J22574684+3840302,31,
615,UID_0300014_RVC_007.tbl,2MASS J22574684+3840302,31,
616,UID_0300017_RVC_001.tbl,WASP-1,7,1.1123640209024808
617,UID_0300017_RVC_002.tbl,2MASS J00204007+3159239,28,
618,UID_0300017_RVC_003.tbl,2MASS J00204007+3159239,28,
619,UID_0300018_RVC_001.tbl,WASP-2,9,2.8966537040922957
620,UID_0300036_RVC_001.tbl,CoRoT-1,9,0.6870780647106857
621,UID_0300037_RVC_001.tbl,2MASS J02462210+4939110,11,
622,UID_0300037_RVC_002.tbl,2MASS J02462210+4939110,11,
623,UID_0300040_RVC_001.tbl,HAT-P-3,9,1.8395971181483903
624,UID_0300040_RVC_002.tbl,2MASS J13442258+4801432,23,
625,UID_0300040_RVC_003.tbl,2MASS J13442258+4801432,23,
626,UID_0300041_RVC_001.tbl,NGC 2423 No. 3,28,2.9316983676296187
627,UID_0300041_RVC_002.tbl,NGC 2423 No. 3,18,8.211576929882
628,UID_0300042_RVC_001.tbl,TrES-3,7,0.7822643042687538
629,UID_0300042_RVC_002.tbl,TrES 3,11,2.1797970319124533
630,UID_0300043_RVC_001.tbl,TrES-4,4,0.26310106913110215
631,UID_0300043_RVC_002.tbl,TrES-4,31,1.4475979126749356
632,UID_0300044_RVC_001.tbl,XO-3,55,1.6171363882639518
633,UID_0300044_RVC_002.tbl,XO-3,11,0.31410306193223814
634,UID_0300044_RVC_003.tbl,XO-3,10,0.531595167096998
635,UID_0300044_RVC_004.tbl,XO-3,39,4.680048097267592
636,UID_0300046_RVC_001.tbl,HAT-P-4,9,0.866615813477696
637,UID_0300047_RVC_001.tbl,HD 171028,19,15.869622140397661
638,UID_0300048_RVC_001.tbl,CoRoT-2,3,593.0327316930976
639,UID_0300048_RVC_002.tbl,CoRoT-2,12,1.4979210669123655
640,UID_0300048_RVC_003.tbl,CoRoT-2,11,1.0698145501831278
641,UID_0300048_RVC_004.tbl,CoRoT-2,21,5.832714281165838
642,UID_0300048_RVC_005.tbl,CoRoT-2,8,3.7086033462694075
643,UID_0300050_RVC_001.tbl,HAT-P-5,8,1.5628058588465128
644,UID_0300051_RVC_001.tbl,HAT-P-6,15,1.8518951460667832
645,UID_0300056_RVC_001.tbl,WASP-3,7,1.4247550178295803
646,UID_0300056_RVC_002.tbl,WASP-3,33,1.8280228076620821
647,UID_0300056_RVC_003.tbl,WASP-3,33,8.13010011549671
648,UID_0300058_RVC_001.tbl,WASP-5,11,0.6552190433009468
649,UID_0300061_RVC_001.tbl,HAT-P-7,8,1.285862743789511
650,UID_0300061_RVC_002.tbl,HAT-P-7,17,2.7829949786486954
651,UID_0300061_RVC_003.tbl,HAT-P-7,69,2.295380096911269
652,UID_0300062_RVC_001.tbl,WASP-6,35,0.7871850715146931
653,UID_0300062_RVC_002.tbl,WASP-6,44,2.0648058648538132
654,UID_0300063_RVC_001.tbl,WASP-7,11,1.3884573363209152
655,UID_0300066_RVC_001.tbl,WASP-10,7,1.1394116034040052
656,UID_0300066_RVC_002.tbl,WASP-10,7,0.889406135249758
657,UID_0300067_RVC_001.tbl,HAT-P-10,8,4.5326005236280595
658,UID_0300067_RVC_002.tbl,WASP-11,6,1.852314458531343
659,UID_0300067_RVC_003.tbl,WASP-11,7,1.1471837908062752
660,UID_0300069_RVC_001.tbl,WASP-13,11,1.46267264347211
661,UID_0300070_RVC_001.tbl,WASP-14,11,2.0879918575608305
662,UID_0300070_RVC_002.tbl,WASP-14,5,2.474316059113785
663,UID_0300070_RVC_003.tbl,WASP-14,39,1.4468061963317793
664,UID_0300070_RVC_004.tbl,WASP-14,6,0.23671315289805614
665,UID_0300070_RVC_005.tbl,WASP-14,21,1.8022572448931453
666,UID_0300071_RVC_001.tbl,WASP-15,21,1.0770919299365849
667,UID_0300072_RVC_001.tbl,XO-4,9,0.6134779967652022
668,UID_0300073_RVC_001.tbl,XO-5,10,0.404841585272301
669,UID_0300073_RVC_002.tbl,XO-5,16,3.5355596777607765
670,UID_0300075_RVC_001.tbl,CoRoT-4,13,1.0707300697850002
671,UID_0300075_RVC_002.tbl,CoRoT-4,7,0.43902661160923784
672,UID_0300076_RVC_001.tbl,CoRoT 5,13,0.8163614961399416
673,UID_0300076_RVC_002.tbl,CoRoT 5,6,0.6125418023157466
674,UID_0300078_RVC_001.tbl,HAT-P-9,15,0.715145305355809
675,UID_0300082_RVC_001.tbl,HAT-P-8,10,1.7804612173302838
676,UID_0300083_RVC_001.tbl,CoRot-7,2,3707.3690472983862
677,UID_0300083_RVC_002.tbl,CoRoT 7,109,4.451453235165414
678,UID_0300084_RVC_001.tbl,CoRoT-6,14,0.8556715295767325
679,UID_0300085_RVC_001.tbl,HAT-P-12,21,1.7709865925381096
680,UID_0300086_RVC_001.tbl,BD +20 2457,37,8.266178177562233
681,UID_0300087_RVC_001.tbl,HD 240210,38,4.12550743329046
682,UID_0300088_RVC_001.tbl,HAT-P-13,96,2.625541048060728
683,UID_0300090_RVC_001.tbl,WASP-16,30,1.3356217298752169
684,UID_0300091_RVC_001.tbl,WASP-17,41,1.1410574223258332
685,UID_0300091_RVC_002.tbl,WASP-17,3,4715.1172099068435
686,UID_0300095_RVC_001.tbl,WASP-19,34,1.1327979725802884
687,UID_0300098_RVC_001.tbl,Kepler-6,9,0.9699964825220547
688,UID_0300099_RVC_001.tbl,Kepler-7,9,0.6477745502252588
689,UID_0300100_RVC_001.tbl,Kepler-8,24,1.016115051152549
690,UID_0300102_RVC_001.tbl,HAT-P-14,14,1.957297109858973
691,UID_0300105_RVC_001.tbl,WASP-22,37,1.1633546565916302
692,UID_0300105_RVC_002.tbl,WASP-22,6,0.5763681819466125
693,UID_0300106_RVC_001.tbl,WASP-26,16,0.9407113655375211
694,UID_0300107_RVC_001.tbl,WASP-21,13,0.7820420578735884
695,UID_0300107_RVC_002.tbl,WASP-21,3,3084.85894554379
696,UID_0300107_RVC_003.tbl,WASP-21,15,1.8564375348755493
697,UID_0300107_RVC_004.tbl,WASP-21,11,0.7912797298221153
698,UID_0300108_RVC_001.tbl,WASP-24,63,4.322925268547837
699,UID_0300109_RVC_001.tbl,WASP-25,29,1.3396184781381473
700,UID_0300113_RVC_001.tbl,HAT-P-15,23,3.2559788877540434
701,UID_0300114_RVC_001.tbl,CoRoT-8,19,0.8684382098752247
702,UID_0300114_RVC_002.tbl,CoRoT-8,2,1115.0801652642936
703,UID_0300122_RVC_001.tbl,WASP-36,19,0.705642043661472
704,UID_0300123_RVC_001.tbl,HAT-P-18,24,2.085321499529279
705,UID_0300126_RVC_001.tbl,HAT-P-20,10,5.620967965673349
706,UID_0300127_RVC_001.tbl,HAT-P-21,15,7.818479103573563
707,UID_0300128_RVC_001.tbl,HAT-P-22,12,5.507539583444195
708,UID_0300129_RVC_001.tbl,HAT-P-23,13,6.331200649618402
709,UID_0300130_RVC_001.tbl,HAT-P-24,18,1.5658464709833428
710,UID_0300131_RVC_001.tbl,HAT-P-25,8,1.185975625152068
711,UID_0300134_RVC_001.tbl,WASP-32,36,1.3920429336405946
712,UID_0300135_RVC_001.tbl,WASP-38,63,3.2241130760548833
713,UID_0300136_RVC_001.tbl,HAT-P-26,12,1.0457968321178575
714,UID_0300144_RVC_001.tbl,2MASS J19024305+5014286,21,
715,UID_0300144_RVC_002.tbl,2MASS J19024305+5014286,21,
716,UID_0300145_RVC_001.tbl,HAT-P-27,36,0.8821051114681949
717,UID_0300149_RVC_001.tbl,Kepler-40,11,1.2718743864532707
718,UID_0300150_RVC_001.tbl,HAT-P-28,11,0.679229445182584
719,UID_0300150_RVC_002.tbl,HAT-P-28,6,0.6701374858783138
720,UID_0300151_RVC_001.tbl,HAT-P-29,8,2.5402384686331305
721,UID_0300156_RVC_001.tbl,HATS-P-30,66,5.790435464418012
722,UID_0300156_RVC_002.tbl,HATS-P-30,11,0.7465460540415118
723,UID_0300157_RVC_001.tbl,WASP-44,17,1.013498747410706
724,UID_0300158_RVC_001.tbl,WASP-45,13,0.48076310384392323
725,UID_0300165_RVC_001.tbl,CoRoT-18,5,0.35463614267837346
726,UID_0300165_RVC_002.tbl,CoRoT-18,18,1.4964277074432561
727,UID_0300165_RVC_003.tbl,CoRoT-18,11,0.5283317774720436
728,UID_0300167_RVC_001.tbl,CoRoT-19,5,0.09415496341809436
729,UID_0300167_RVC_002.tbl,CoRoT-19,18,1.2121527497703588
730,UID_0300167_RVC_003.tbl,CoRoT-19,2,0.21704115754149042
731,UID_0300167_RVC_004.tbl,CoRoT-19,7,0.6432214535351771
732,UID_0300168_RVC_001.tbl,Kepler-15,24,0.5156126443590242
733,UID_0300168_RVC_002.tbl,Kepler-15,6,0.12984021832587497
734,UID_0300169_RVC_001.tbl,Kepler-17,13,1.1078357752298407
735,UID_0300171_RVC_001.tbl,TrES-5,8,0.767615570239155
736,UID_0300175_RVC_001.tbl,Kepler-12,16,1.0312229256653858
737,UID_0300177_RVC_001.tbl,Kepler-43,8,0.6742177470711692
738,UID_0300178_RVC_001.tbl,Kepler-44,7,0.4083384962985144
739,UID_0300179_RVC_001.tbl,Qatar-2,44,1.0330808226839971
740,UID_0300182_RVC_001.tbl,Kepler-20,30,1.1323285988900615
741,UID_0300184_RVC_001.tbl,CoRoT-23,10,0.32435471297821766
742,UID_0300186_RVC_001.tbl,HATS-P-35,5,7.930187341042604
743,UID_0300186_RVC_002.tbl,HATS-P-35,7,29.426042182282245
744,UID_0300188_RVC_001.tbl,HATS-P-37,13,5.720409557862292
745,UID_0300208_RVC_001.tbl,Kepler-100,49,1.7384264102506255
746,UID_0300216_RVC_001.tbl,2MASS J19254039+3840204,18,
747,UID_0300216_RVC_002.tbl,2MASS J19254039+3840204,18,
748,UID_0300243_RVC_001.tbl,Kepler-77,11,0.6090085421985871
749,UID_0300243_RVC_002.tbl,Kepler-77,4,8.27089132556568e-05
750,UID_0300286_RVC_001.tbl,Kepler-74,5,0.7674421457162839
751,UID_0300286_RVC_002.tbl,Kepler-74,12,1.1398006338605569
752,UID_0300316_RVC_001.tbl,2MASS J18561431+4431052,20,
753,UID_0300316_RVC_002.tbl,2MASS J18561431+4431052,20,
754,UID_0300317_RVC_001.tbl,Kepler-68,52,1.525832529809594
755,UID_0300317_RVC_002.tbl,2MASS J19240775+4902249,22,
756,UID_0300317_RVC_003.tbl,2MASS J19240775+4902249,22,
757,UID_0300788_RVC_001.tbl,Kepler-75,2,952.6193981486998
758,UID_0300788_RVC_002.tbl,Kepler-75,9,21.36302020359347
759,UID_0301405_RVC_001.tbl,2MASS J19344300+4651099,23,
760,UID_0301405_RVC_002.tbl,2MASS J19344300+4651099,23,
761,UID_0302448_RVC_001.tbl,CoRoT-16,24,1.1021798458033811
762,UID_0302448_RVC_002.tbl,CoRoT-16,7,0.5126180225672068
763,UID_0302459_RVC_001.tbl,HATS-1,6,5.006907410029178
764,UID_0302459_RVC_002.tbl,HATS-1,6,0.3035573861365371
765,UID_0302459_RVC_003.tbl,HATS-1,21,1.3676041511803727
766,UID_0302460_RVC_001.tbl,WASP-78,17,0.5685910036500597
767,UID_0302468_RVC_001.tbl,HAT-P-39,28,5.489941436590109
768,UID_0302469_RVC_001.tbl,HAT-P-40,13,1.345656222925212
769,UID_0302470_RVC_001.tbl,HAT-P-41,9,0.582276334478737
770,UID_0302470_RVC_002.tbl,HAT-P-41,13,2.472381154819278
771,UID_0302471_RVC_001.tbl,WASP-42,27,0.9574923553616842
772,UID_0302471_RVC_002.tbl,WASP-42,35,0.9342138956358438
773,UID_0302474_RVC_001.tbl,WASP-55,20,0.9804882858386287
774,UID_0302475_RVC_001.tbl,WASP-61,15,0.6281240218100974
775,UID_0302476_RVC_001.tbl,WASP-62,25,1.1919486816785239
776,UID_0302477_RVC_001.tbl,WASP-63,23,1.195465424643839
777,UID_0302478_RVC_001.tbl,WASP-66,30,1.0303776373989415
778,UID_0302479_RVC_001.tbl,WASP-67,19,0.6928717707553371
779,UID_0302482_RVC_001.tbl,WASP-54,16,0.9142672736735072
780,UID_0302482_RVC_002.tbl,WASP-54,7,1.3362930968294866
781,UID_0302483_RVC_001.tbl,WASP-56,13,1.6992999947663756
782,UID_0302486_RVC_001.tbl,WASP-58,15,0.9881151252779921
783,UID_0302489_RVC_001.tbl,WASP-77 A,11,2.3923519121348984
784,UID_0302489_RVC_002.tbl,WASP-77 A,8,0.8844493998678372
785,UID_0302492_RVC_001.tbl,WASP-64,16,0.4141653533239129
786,UID_0302493_RVC_001.tbl,WASP-72,18,1.1476354970639215
787,UID_0302520_RVC_001.tbl,CoRoT-27,13,0.5808914098416206
788,UID_0302522_RVC_001.tbl,KELT-6,16,2.593818455549948
789,UID_0302522_RVC_002.tbl,KELT-6,24,1.057988190780524
790,UID_0302527_RVC_001.tbl,HAT-P-49,6,2.750853880580926
791,UID_0302527_RVC_002.tbl,HAT-P-49,16,1.2708188016459936
792,UID_0302539_RVC_001.tbl,CoRoT-25,28,0.8542397613321412
793,UID_0302539_RVC_002.tbl,CoRoT-25,6,0.6596230009211598
794,UID_0302540_RVC_001.tbl,CoRoT-26,24,0.8869380735381277
