file,host,n_obs,rms_over_sigma,P_d,K_ms,e,omega_deg,has_ecc,n_planets,split
UID_0000522_RVC_001.tbl,HD 142,53,1.1646166520340029,10159.64279,93.181,0.277,279.051,True,3,test
UID_0000522_RVC_002.tbl,HD 142,27,0.837692448479424,10159.64279,93.181,0.277,279.051,True,3,test
UID_0001292_RVC_001.tbl,GJ 3021,61,1.8763154763848464,133.71,167.0,0.511,290.7,True,1,train
UID_0001499_RVC_001.tbl,HD 1461,136,3.551844060787638,5.77152,2.28,0.172,0.0,True,2,test
UID_0001499_RVC_002.tbl,HD 1461,28,2.2130783891547807,5.77152,2.28,0.172,0.0,True,2,test
UID_0001931_RVC_001.tbl,HD 2039,41,4.51939395805977,1120.0,153.0,0.71,0.0,True,1,test
UID_0001931_RVC_002.tbl,HD 2039,36,1.940090435039577,1120.0,153.0,0.71,0.0,True,1,test
UID_0002350_RVC_001.tbl,HD 2638,28,1.9228250817996837,3.4442,67.4,0.0,0.0,True,1,train
UID_0002611_RVC_001.tbl,HD 2952,63,4.957405615910292,312.08,18.42,0.269,-155.6,True,1,test
UID_0003093_RVC_003.tbl,HD 3651,26,1.594476513695851,62.25,16.6,0.645,243.0,True,1,train
UID_0003093_RVC_004.tbl,HD 3651,112,1.963718049426806,62.25,16.6,0.645,243.0,True,1,train
UID_0003093_RVC_005.tbl,HD 3651,83,3.7804592732006825,62.25,16.6,0.645,243.0,True,1,train
UID_0003093_RVC_006.tbl,HD 3651,35,1.3312713599792776,62.25,16.6,0.645,243.0,True,1,train
UID_0003093_RVC_007.tbl,HD 3651,4,3.7904955426498383e-08,62.25,16.6,0.645,243.0,True,1,train
UID_0003093_RVC_008.tbl,HD 3651,54,2.9565367127759874,62.25,16.6,0.645,243.0,True,1,train
UID_0003093_RVC_009.tbl,HD 3651,29,2.7126159620502133,62.25,16.6,0.645,243.0,True,1,train
UID_0003093_RVC_010.tbl,HD 3651,139,3.705599328641637,62.25,16.6,0.645,243.0,True,1,train
UID_0003093_RVC_011.tbl,HD 3651,16,1.463858325441851,62.25,16.6,0.645,243.0,True,1,train
UID_0003479_RVC_001.tbl,HD 4208,41,1.0995610640210405,832.97,19.03,0.042,217.634,True,1,train
UID_0003479_RVC_002.tbl,HD 4208,35,1.192301655268807,832.97,19.03,0.042,217.634,True,1,train
UID_0003497_RVC_001.tbl,HD 4308,72,3.294694929152778,15.56,4.1,0.0,0.0,True,1,test
UID_0003497_RVC_002.tbl,HD 4308,41,1.344111990260691,15.56,4.1,0.0,0.0,True,1,test
UID_0003502_RVC_001.tbl,HD 4203,23,3.3616079586494423,431.88,60.3,0.52,0.0,True,2,train
UID_0003502_RVC_002.tbl,HD 4203,14,1.1560562493912576,431.88,60.3,0.52,0.0,True,2,train
UID_0003574_RVC_001.tbl,HD 4313,28,2.865427216645474,356.21,40.3,0.147,102.0,True,1,train
UID_0003834_RVC_001.tbl,HD 4732,48,2.0516445513191064,371.74,46.8,0.266,62.62,True,2,train
UID_0004297_RVC_001.tbl,HD 5319,30,2.642398900051975,637.1,31.46,0.092,158.0,True,2,train
UID_0004552_RVC_001.tbl,HD 5608,43,1.952555610830876,768.7,21.95,0.11,-91.9,True,1,train
UID_0005054_RVC_001.tbl,HD 6434,130,1.715922802306765,21.998,34.2,0.17,0.0,True,1,train
UID_0006379_RVC_001.tbl,HD 7924,93,3.225056850452237,5.39792,3.6,0.06,0.0,True,3,train
UID_0006643_RVC_001.tbl,HD 8574,10,2.879367526517034,227.0,58.3,0.3,0.0,True,1,train
UID_0006643_RVC_002.tbl,HD 8574,16,1.3660587685478045,227.0,58.3,0.3,0.0,True,1,train
UID_0006643_RVC_003.tbl,HD 8574,41,1.870461716255699,227.0,58.3,0.3,0.0,True,1,train
UID_0006643_RVC_004.tbl,HD 8574,44,1.4231263645474956,227.0,58.3,0.3,0.0,True,1,train
UID_0006643_RVC_005.tbl,HD 8574,16,1.8486588418692167,227.0,58.3,0.3,0.0,True,1,train
UID_0007513_RVC_004.tbl,ups And,248,2.2673260069480325,4.617033,70.51,0.0215,324.9,True,3,train
UID_0007513_RVC_006.tbl,ups And,41,1.549495530534212,4.617033,70.51,0.0215,324.9,True,3,train
UID_0007513_RVC_007.tbl,ups And,284,2.360605876507776,4.617033,70.51,0.0215,324.9,True,3,train
UID_0007978_RVC_001.tbl,HD 10647,28,1.7419537539587415,989.2,18.1,0.15,212.0,True,1,test
UID_0008159_RVC_001.tbl,HD 10697,59,2.3528337736592406,1075.3799,114.583,0.104,112.816,True,1,train
UID_0008159_RVC_002.tbl,HD 10697,35,2.076201620101379,1075.3799,114.583,0.104,112.816,True,1,train
UID_0008159_RVC_003.tbl,HD 10697,40,0.975058572362348,1075.3799,114.583,0.104,112.816,True,1,train
UID_0008159_RVC_004.tbl,HD 10697,32,1.2026297628235365,1075.3799,114.583,0.104,112.816,True,1,train
UID_0008770_RVC_001.tbl,HD 11506,26,3.0103979367166556,1617.7,78.5,0.379,-140.7,True,3,train
UID_0009094_RVC_001.tbl,HD 11964,87,1.5729539765903369,1945.0,9.41,0.041,0.0,True,2,val
UID_0009094_RVC_002.tbl,HD 11964,119,2.673759631181709,1945.0,9.41,0.041,0.0,True,2,val
UID_0009683_RVC_001.tbl,HD 12661,57,3.022683060651282,262.70862,73.6,0.38,0.0,True,2,train
UID_0009683_RVC_002.tbl,HD 12661,51,1.5881011281441633,262.70862,73.6,0.38,0.0,True,2,train
UID_0009683_RVC_003.tbl,HD 12661,15,0.8952053430790704,262.70862,73.6,0.38,0.0,True,2,train
UID_0009683_RVC_004.tbl,HD 12661,20,1.8408100223401764,262.70862,73.6,0.38,0.0,True,2,train
UID_0009683_RVC_005.tbl,HD 12661,45,2.4648577365467457,262.70862,73.6,0.38,0.0,True,2,train
UID_0009683_RVC_006.tbl,HD 12661,41,1.49519894501011,262.70862,73.6,0.38,0.0,True,2,train
UID_0009683_RVC_007.tbl,HD 12661,66,6.079998724472519,262.70862,73.6,0.38,0.0,True,2,train
UID_0009683_RVC_008.tbl,HD 12661,40,1.6421135652706964,262.70862,73.6,0.38,0.0,True,2,train
UID_0010138_RVC_001.tbl,GJ 86,23,0.8895751452093215,15.76491,376.7,0.04,0.0,True,1,train
UID_0010138_RVC_002.tbl,GJ 86,42,1.5531383319102108,15.76491,376.7,0.04,0.0,True,1,train
UID_0011397_RVC_001.tbl,WASP-33,29,1.225784440595547,1.21987,304.0,0.0,0.0,False,1,val
UID_0011791_RVC_001.tbl,75 Cet,74,2.2825021349572467,696.62,36.92,0.093,-157.6,True,2,train
UID_0012048_RVC_002.tbl,HD 16141,46,1.344050596238796,75.523,12.0,0.25,0.0,True,1,val
UID_0012186_RVC_001.tbl,HD 16417,78,3.559316448509147,17.24,5.0,0.2,77.0,True,1,train
UID_0012186_RVC_002.tbl,HD 16417,10,2.3156084343222263,17.24,5.0,0.2,77.0,True,1,train
UID_0012191_RVC_001.tbl,HD 16175,44,4.25482800259429,990.0,94.0,0.6,0.0,True,1,val
UID_0012247_RVC_001.tbl,81 Cet,33,1.8002777523596714,1005.57,58.51,0.037,-166.7,True,1,train
UID_0012961_RVC_001.tbl,HIP 12961,46,1.5487920583153207,57.435,24.7,0.17,0.0,True,1,train
UID_0013192_RVC_001.tbl,HD 17156,29,1.7803027517294847,21.2164294,274.5,0.6772,122.06,True,1,test
UID_0013192_RVC_002.tbl,HD 17156,13,0.7813808566980547,21.2164294,274.5,0.6772,122.06,True,1,test
UID_0013192_RVC_003.tbl,HD 17156,18,1.1729145498084494,21.2164294,274.5,0.6772,122.06,True,1,test
UID_0013192_RVC_004.tbl,HD 17156,24,2.0137094538128233,21.2164294,274.5,0.6772,122.06,True,1,test
UID_0013192_RVC_005.tbl,HD 17156,9,0.7630459272626682,21.2164294,274.5,0.6772,122.06,True,1,test
UID_0013192_RVC_006.tbl,HD 17156,25,0.9244520343500894,21.2164294,274.5,0.6772,122.06,True,1,test
UID_0013192_RVC_007.tbl,HD 17156,34,2.3505150012058342,21.2164294,274.5,0.6772,122.06,True,1,test
UID_0013192_RVC_008.tbl,HD 17156,9,0.763027675821813,21.2164294,274.5,0.6772,122.06,True,1,test
UID_0014810_RVC_001.tbl,HIP 14810,30,4.4104740606526285,6.673892,423.34,0.14399,158.83,True,3,test
UID_0014810_RVC_002.tbl,HIP 14810,53,2.214432703547486,6.673892,423.34,0.14399,158.83,True,3,test
UID_0014954_RVC_001.tbl,HD 19994,48,2.246450216602389,466.2,29.3,0.063,346.0,True,1,train
UID_0014954_RVC_002.tbl,HD 19994,56,1.5891772507498518,466.2,29.3,0.063,346.0,True,1,train
UID_0014954_RVC_003.tbl,HD 19994,12,1.828143275985176,466.2,29.3,0.063,346.0,True,1,train
UID_0014954_RVC_004.tbl,HD 19994,82,3.867805242317063,466.2,29.3,0.063,346.0,True,1,train
UID_0014954_RVC_005.tbl,HD 19994,16,1.881076567991207,466.2,29.3,0.063,346.0,True,1,train
UID_0015527_RVC_001.tbl,HD 20782,30,0.91900185023277,597.0643,118.43,0.95,143.58,True,1,train
UID_0015578_RVC_001.tbl,HD 20868,48,29.216786737922263,380.85001,100.3,0.75,0.0,True,1,train
UID_0017054_RVC_001.tbl,HD 23127,34,2.721583387790817,1211.17,27.72,0.406,181.829,True,1,val
UID_0017096_RVC_001.tbl,HD 23079,19,0.9526840415625384,735.74,54.386,0.07348,33.2,True,2,train
UID_0017096_RVC_002.tbl,HD 23079,14,0.7093165434611037,735.74,54.386,0.07348,33.2,True,2,train
UID_0017187_RVC_001.tbl,HD 22781,32,1.7966594013617316,528.07,726.4,0.8191,315.92,True,1,train
UID_0017747_RVC_001.tbl,HD 23596,39,1.060040798192829,1535.11912,128.315,0.282,264.57,True,1,train
UID_0017747_RVC_002.tbl,HD 23596,63,0.8441812198376161,1535.11912,128.315,0.282,264.57,True,1,train
UID_0017747_RVC_003.tbl,HD 23596,6,0.3404460643293041,1535.11912,128.315,0.282,264.57,True,1,train
UID_0019921_RVC_001.tbl,HD 27442,14,1.370201230783234,428.1,32.2,0.06,216.0,True,1,train
UID_0020277_RVC_001.tbl,HD 27894,20,0.0024079672872693,5019.54244,92.016,0.343,334.378,True,3,train
UID_0020723_RVC_001.tbl,HD 28185,15,1.8987320064117643,385.92,164.8,0.063,355.1,True,2,test
UID_0020723_RVC_002.tbl,HD 28185,40,1.3510153869659165,385.92,164.8,0.063,355.1,True,2,test
UID_0020723_RVC_003.tbl,HD 28185,34,0.8326044090093729,385.92,164.8,0.063,355.1,True,2,test
UID_0021850_RVC_001.tbl,HD 30177,22,1.1109955787254693,2514.53422,128.935,0.207,25.044,True,2,train
UID_0021850_RVC_002.tbl,HD 30177,15,1.3732121420907517,2514.53422,128.935,0.207,25.044,True,2,train
UID_0022336_RVC_001.tbl,HD 30562,45,1.4155682805151633,1157.0,33.7,0.76,0.0,True,1,train
UID_0022627_RVC_001.tbl,GJ 179,14,1.295408326777728,2288.0,25.8,0.21,153.0,True,1,train
UID_0022627_RVC_002.tbl,GJ 179,30,2.9178305351400624,2288.0,25.8,0.21,153.0,True,1,train
UID_0022826_RVC_001.tbl,HD 31253,39,2.732129630809781,466.0,12.0,0.3,0.0,True,1,train
UID_0023889_RVC_001.tbl,HD 33283,25,1.936784906570528,18.1991,22.4,0.399,155.5,True,1,train
UID_0024003_RVC_001.tbl,HD 32518,58,2.489856874836912,157.35,98.88,0.028,-35.4,True,1,val
UID_0026381_RVC_001.tbl,HD 37124,30,1.045903311410593,154.378,28.5,0.054,130.0,True,3,train
UID_0026381_RVC_002.tbl,HD 37124,15,0.6409823304849461,154.378,28.5,0.054,130.0,True,3,train
UID_0026381_RVC_003.tbl,HD 37124,52,1.1029266670574158,154.378,28.5,0.054,130.0,True,3,train
UID_0026394_RVC_002.tbl,HD 39091,28,1.0392213569679478,2088.8,196.1,0.642,-30.1,True,3,train
UID_0026664_RVC_001.tbl,HD 37605,7,1.7485479334288263,55.01292,203.47,0.6745,220.78,True,2,train
UID_0026664_RVC_002.tbl,HD 37605,20,17.074148782842013,55.01292,203.47,0.6745,220.78,True,2,train
UID_0026664_RVC_003.tbl,HD 37605,98,21.350902300100543,55.01292,203.47,0.6745,220.78,True,2,train
UID_0026664_RVC_004.tbl,HD 37605,33,2.024714805344818,55.01292,203.47,0.6745,220.78,True,2,train
UID_0027253_RVC_001.tbl,HD 38529,102,0.9105297726290148,2127.60566,171.084,0.357,21.038,True,2,train
UID_0027253_RVC_002.tbl,HD 38529,51,3.504877085159589,2127.60566,171.084,0.357,21.038,True,2,train
UID_0027253_RVC_003.tbl,HD 38529,111,2.3823811791804266,2127.60566,171.084,0.357,21.038,True,2,train
UID_0027253_RVC_004.tbl,HD 38529,23,2.886423331696665,2127.60566,171.084,0.357,21.038,True,2,train
UID_0027253_RVC_005.tbl,HD 38529,52,1.183646900270541,2127.60566,171.084,0.357,21.038,True,2,train
UID_0027253_RVC_006.tbl,HD 38529,45,2.7022862013609847,2127.60566,171.084,0.357,21.038,True,2,train
UID_0027253_RVC_007.tbl,HD 38529,80,1.6960151595672026,2127.60566,171.084,0.357,21.038,True,2,train
UID_0027253_RVC_008.tbl,HD 38529,73,1.73668247676354,2127.60566,171.084,0.357,21.038,True,2,train
UID_0027253_RVC_009.tbl,HD 38529,7,0.8768137437176357,2127.60566,171.084,0.357,21.038,True,2,train
UID_0027253_RVC_010.tbl,HD 38529,58,7.020741876857988,2127.60566,171.084,0.357,21.038,True,2,train
UID_0027253_RVC_011.tbl,HD 38529,117,2.8160159039235944,2127.60566,171.084,0.357,21.038,True,2,train
UID_0027384_RVC_001.tbl,HD 38801,10,8.814174088995422,685.25,197.29,0.017,97.115,True,1,val
UID_0027384_RVC_002.tbl,HD 38801,11,1.0651001968263372,685.25,197.29,0.017,97.115,True,1,val
UID_0027887_RVC_001.tbl,HD 40307,129,2.3895574539293705,20.432,2.75,0.07,17.2,True,5,test
UID_0028767_RVC_001.tbl,HD 40979,26,6.146760974104776,264.14999,119.4,0.25,0.0,True,1,train
UID_0028767_RVC_002.tbl,HD 40979,39,2.2695449113031185,264.14999,119.4,0.25,0.0,True,1,train
UID_0028767_RVC_003.tbl,HD 40979,13,1.4354424138979964,264.14999,119.4,0.25,0.0,True,1,train
UID_0028767_RVC_004.tbl,HD 40979,32,2.4479741214668564,264.14999,119.4,0.25,0.0,True,1,train
UID_0028767_RVC_005.tbl,HD 40979,91,1.807437793690708,264.14999,119.4,0.25,0.0,True,1,train
UID_0028767_RVC_006.tbl,HD 40979,4,5.730175761879441e-09,264.14999,119.4,0.25,0.0,True,1,train
UID_0030057_RVC_001.tbl,HD 43691,22,1.2266929869591454,36.9987,130.06,0.0796,292.7,True,1,train
UID_0030057_RVC_002.tbl,HD 43691,14,1.899705821098551,36.9987,130.06,0.0796,292.7,True,1,train
UID_0030579_RVC_001.tbl,HD 45364,58,3.6037699065189375,345.43,18.15,0.019,244.0,True,2,train
UID_0030860_RVC_001.tbl,HD 45350,38,1.517961398773552,963.6,58.0,0.778,343.4,True,1,train
UID_0030860_RVC_002.tbl,HD 45350,28,0.989220240971678,963.6,58.0,0.778,343.4,True,1,train
UID_0030860_RVC_003.tbl,HD 45350,45,1.2581390501958103,963.6,58.0,0.778,343.4,True,1,train
UID_0030860_RVC_004.tbl,HD 45350,30,1.2128097540090836,963.6,58.0,0.778,343.4,True,1,train
UID_0030905_RVC_001.tbl,HD 45652,19,1.663321230669977,44.073,33.2,0.607,227.7,True,1,train
UID_0030905_RVC_002.tbl,HD 45652,14,2.121778004781389,44.073,33.2,0.607,227.7,True,1,train
UID_0030905_RVC_003.tbl,HD 45652,12,1.5546793732971396,44.073,33.2,0.607,227.7,True,1,train
UID_0031039_RVC_001.tbl,6 Lyn,30,1.634536170045007,919.86,32.76,0.042,121.0,True,1,train
UID_0031246_RVC_001.tbl,HD 46375,50,1.5961636049026062,3.023573,33.65,0.063,114.0,True,1,train
UID_0031246_RVC_002.tbl,HD 46375,24,1.377019382008614,3.023573,33.65,0.063,114.0,True,1,train
UID_0031540_RVC_001.tbl,HD 47186,66,2.5523438845911444,4.0845,9.1,0.04,0.0,True,2,train
UID_0031592_RVC_001.tbl,7 CMa,21,1.312934808846642,735.1,34.3,0.06,165.3,True,2,val
UID_0031688_RVC_001.tbl,HD 47536,38,1.0904258368467443,712.13,113.0,0.2,260.8,True,1,val
UID_0031895_RVC_001.tbl,HD 48265,8,0.3949695447490861,778.51,28.65,0.211,308.313,True,2,train
UID_0031895_RVC_002.tbl,HD 48265,17,1.5118409281033198,778.51,28.65,0.211,308.313,True,2,train
UID_0032916_RVC_001.tbl,HD 49674,24,1.408302645220188,4.94737,12.0,0.09,0.0,True,1,val
UID_0032916_RVC_002.tbl,HD 49674,39,1.3908132600123384,4.94737,12.0,0.09,0.0,True,1,val
UID_0032970_RVC_001.tbl,HD 50499,35,1.2838437425140374,8619.9,24.23,0.0,23.0,True,2,val
UID_0033212_RVC_001.tbl,HD 50554,22,5.812111462763936,1293.0,104.0,0.501,0.0,True,1,train
UID_0033212_RVC_002.tbl,HD 50554,29,2.6510245530136567,1293.0,104.0,0.501,0.0,True,1,train
UID_0033212_RVC_003.tbl,HD 50554,11,1.7704682530962257,1293.0,104.0,0.501,0.0,True,1,train
UID_0033212_RVC_004.tbl,HD 50554,15,1.6148651589035483,1293.0,104.0,0.501,0.0,True,1,train
UID_0033212_RVC_005.tbl,HD 50554,41,4.151181269233955,1293.0,104.0,0.501,0.0,True,1,train
UID_0033719_RVC_001.tbl,HD 52265,17,0.7073747444166735,119.27,42.97,0.27,242.0,True,1,train
UID_0033719_RVC_002.tbl,HD 52265,28,1.8010893455685983,119.27,42.97,0.27,242.0,True,1,train
UID_0033719_RVC_003.tbl,HD 52265,91,1.1768026673457213,119.27,42.97,0.27,242.0,True,1,train
UID_0036795_RVC_001.tbl,HD 60532,147,4.323956725952558,600.1,46.1,0.03,179.8,True,2,train
UID_0037284_RVC_001.tbl,HD 63454,26,1.9459314129291976,2.81805,64.2,0.0,0.0,True,1,train
UID_0038558_RVC_001.tbl,HD 65216,70,1.341084369732619,577.6,35.7,0.27,212.0,True,2,train
UID_0039417_RVC_001.tbl,HD 66428,29,1.3531938494327904,2269.81726,54.441,0.471,185.689,True,2,train
UID_0040687_RVC_001.tbl,HD 68988,28,5.428792809093996,6.27711,184.7,0.12,0.0,True,2,train
UID_0040687_RVC_002.tbl,HD 68988,13,3.3450036497192897,6.27711,184.7,0.12,0.0,True,2,train
UID_0040687_RVC_003.tbl,HD 68988,6,0.8523948951425403,6.27711,184.7,0.12,0.0,True,2,train
UID_0040693_RVC_001.tbl,HD 69830,74,1.1705334844462487,8.667,3.51,0.1,340.0,True,3,train
UID_0040693_RVC_002.tbl,HD 69830,106,3.5862208916724554,8.667,3.51,0.1,340.0,True,3,train
UID_0040693_RVC_003.tbl,HD 69830,31,1.904393641105631,8.667,3.51,0.1,340.0,True,3,train
UID_0040952_RVC_001.tbl,HD 70642,28,1.6671480789996471,2124.54,30.4,0.175,272.84,True,1,train
UID_0040952_RVC_002.tbl,HD 70642,21,1.2554632824685046,2124.54,30.4,0.175,272.84,True,1,train
UID_0042030_RVC_001.tbl,HD 72659,12,2.25554787047334,35500.0,74.0,0.114,133.0,True,2,test
UID_0042030_RVC_002.tbl,HD 72659,32,2.940696564263926,35500.0,74.0,0.114,133.0,True,2,test
UID_0042030_RVC_003.tbl,HD 72659,53,0.7851358578288379,35500.0,74.0,0.114,133.0,True,2,test
UID_0042202_RVC_001.tbl,HD 73267,39,1.4343069546810925,1257.99159,64.237,0.261,228.102,True,2,train
UID_0042282_RVC_001.tbl,HD 73526,18,1.507132571480269,188.3,102.0,0.19,0.0,True,2,train
UID_0042282_RVC_002.tbl,HD 73526,30,2.404524179402529,188.3,102.0,0.19,0.0,True,2,train
UID_0042446_RVC_001.tbl,HD 73534,20,3.2285391358683793,1750.0,17.11,0.126,168.0,True,1,test
UID_0042723_RVC_001.tbl,HD 74156,82,3.335800622453674,2448.48726,113.94,0.377,271.934,True,2,train
UID_0042723_RVC_002.tbl,HD 74156,44,1.545819735981101,2448.48726,113.94,0.377,271.934,True,2,train
UID_0042723_RVC_003.tbl,HD 74156,51,0.9841573554285316,2448.48726,113.94,0.377,271.934,True,2,train
UID_0042723_RVC_004.tbl,HD 74156,82,0.992734843929502,2448.48726,113.94,0.377,271.934,True,2,train
UID_0043177_RVC_001.tbl,HD 75289,13,1.0303437532035271,3.50927,54.9,0.03,0.0,True,1,train
UID_0043177_RVC_002.tbl,HD 75289,30,1.440366073905926,3.50927,54.9,0.03,0.0,True,1,train
UID_0043177_RVC_003.tbl,HD 75289,88,0.8826165529871864,3.50927,54.9,0.03,0.0,True,1,train
UID_0043587_RVC_001.tbl,55 Cnc,70,5.290895137080099,14.651552,71.5,0.0029,23.0,True,5,train
UID_0043587_RVC_002.tbl,55 Cnc,250,2.0119748353030316,14.651552,71.5,0.0029,23.0,True,5,train
UID_0043587_RVC_003.tbl,55 Cnc,146,2.227622028312824,14.651552,71.5,0.0029,23.0,True,5,train
UID_0043587_RVC_004.tbl,55 Cnc,119,1.0058017551899263,14.651552,71.5,0.0029,23.0,True,5,train
UID_0043587_RVC_005.tbl,55 Cnc,48,1.172725282806764,14.651552,71.5,0.0029,23.0,True,5,train
UID_0043674_RVC_001.tbl,HD 75898,20,2.611149885900085,422.82,58.4,0.105,-116.8,True,2,train
UID_0043686_RVC_001.tbl,HD 76700,35,1.5393766595807332,3.97097,27.6,0.09,0.0,True,1,train
UID_0043686_RVC_002.tbl,HD 76700,24,0.9079388215891688,3.97097,27.6,0.09,0.0,True,1,train
UID_0043790_RVC_001.tbl,GJ 328,58,0.9241746584653598,3771.0,42.6,0.227,-76.2,True,2,train
UID_0045406_RVC_001.tbl,HD 79498,65,3.4496869209091683,1807.0,26.0,0.575,226.8,True,1,train
UID_0045982_RVC_001.tbl,HD 80606,46,1.1571423012871191,111.436765,469.22,0.93183,-58.887,True,1,train
UID_0045982_RVC_002.tbl,HD 80606,19,1.2169809279602095,111.436765,469.22,0.93183,-58.887,True,1,train
UID_0045982_RVC_003.tbl,HD 80606,48,1.4306349376556105,111.436765,469.22,0.93183,-58.887,True,1,train
UID_0045982_RVC_004.tbl,HD 80606,55,1.3639088348222643,111.436765,469.22,0.93183,-58.887,True,1,train
UID_0045982_RVC_005.tbl,HD 80606,6,0.8682286023628462,111.436765,469.22,0.93183,-58.887,True,1,train
UID_0045982_RVC_006.tbl,HD 80606,73,3.1873318534486703,111.436765,469.22,0.93183,-58.887,True,1,train
UID_0045982_RVC_007.tbl,HD 80606,23,2.948428152360661,111.436765,469.22,0.93183,-58.887,True,1,train
UID_0045982_RVC_008.tbl,HD 80606,23,0.5491171433828421,111.436765,469.22,0.93183,-58.887,True,1,train
UID_0046471_RVC_001.tbl,HD 81688,81,3.8319398125320743,183.93,56.42,0.04,-14.4,True,1,train
UID_0047007_RVC_001.tbl,HD 82943,23,2.0422356158880435,220.078,65.4,0.3663,117.2,True,2,train
UID_0047202_RVC_001.tbl,HD 83443,16,0.6780762597147838,2.985628,56.73,0.012,344.0,True,2,train
UID_0047202_RVC_002.tbl,HD 83443,20,1.3489593285129151,2.985628,56.73,0.012,344.0,True,2,train
UID_0047202_RVC_003.tbl,HD 83443,23,1.30510904846228,2.985628,56.73,0.012,344.0,True,2,train
UID_0047202_RVC_004.tbl,HD 83443,28,1.326857512900892,2.985628,56.73,0.012,344.0,True,2,train
UID_0047202_RVC_005.tbl,HD 83443,257,1.9483452133304289,2.985628,56.73,0.012,344.0,True,2,train
UID_0048711_RVC_001.tbl,HD 86081,26,1.1645054234556205,2.1378431,205.53,0.0119,3.0,True,1,train
UID_0048739_RVC_001.tbl,HD 86226,13,1.1581607571662056,1628.0,7.74,0.059,225.0,True,2,train
UID_0048780_RVC_001.tbl,HD 86264,37,1.4331787561480458,1488.79123,260.287,0.821,313.959,True,1,val
UID_0049081_RVC_001.tbl,HD 86728,44,2.704072443824496,31.1515,1.97,0.067,92.0,True,1,train
UID_0049081_RVC_002.tbl,HD 86728,59,3.2262033981082188,31.1515,1.97,0.067,92.0,True,1,train
UID_0049081_RVC_003.tbl,HD 86728,15,0.8180885641777674,31.1515,1.97,0.067,92.0,True,1,train
UID_0049813_RVC_001.tbl,HD 88133,21,1.703178101525436,3.414884,32.93,0.031,43.0,True,1,train
UID_0049813_RVC_002.tbl,HD 88133,17,0.9944437268652874,3.414884,32.93,0.031,43.0,True,1,train
UID_0050473_RVC_001.tbl,HD 89307,12,1.050799978190969,2166.0,28.9,0.2,0.0,True,1,train
UID_0050473_RVC_002.tbl,HD 89307,59,1.4754298815504685,2166.0,28.9,0.2,0.0,True,1,train
UID_0050786_RVC_001.tbl,HD 89744,50,1.318570946412437,256.78,269.66,0.677,193.7,True,1,train
UID_0050786_RVC_002.tbl,HD 89744,94,5.198958258225441,256.78,269.66,0.677,193.7,True,1,train
UID_0050786_RVC_003.tbl,HD 89744,33,1.1360886391838023,256.78,269.66,0.677,193.7,True,1,train
UID_0050786_RVC_004.tbl,HD 89744,9,1.4783502164864213,256.78,269.66,0.677,193.7,True,1,train
UID_0052409_RVC_001.tbl,HD 92788,27,1.241165521195606,325.803,108.24,0.35,-82.17,True,2,train
UID_0052409_RVC_002.tbl,HD 92788,31,1.1152235904954555,325.803,108.24,0.35,-82.17,True,2,train
UID_0052409_RVC_003.tbl,HD 92788,12,0.9031140446553364,325.803,108.24,0.35,-82.17,True,2,train
UID_0052409_RVC_004.tbl,HD 92788,15,0.791108683603823,325.803,108.24,0.35,-82.17,True,2,train
UID_0052409_RVC_005.tbl,HD 92788,55,1.813665136532854,325.803,108.24,0.35,-82.17,True,2,train
UID_0052521_RVC_001.tbl,HD 93083,16,1.3135461682325047,144.72,19.8,0.118,334.0,True,2,train
UID_0053666_RVC_001.tbl,HD 95089,22,4.9393283318398575,1785.0,45.1,0.284,66.0,True,2,train
UID_0053721_RVC_001.tbl,47 UMa,91,1.4662119603957873,1078.0,48.4,0.032,334.0,True,3,train
UID_0053721_RVC_002.tbl,47 UMa,44,1.0791657173133753,1078.0,48.4,0.032,334.0,True,3,train
UID_0053721_RVC_003.tbl,47 UMa,200,3.671897465342372,1078.0,48.4,0.032,334.0,True,3,train
UID_0053721_RVC_004.tbl,47 UMa,35,1.1946914985569812,1078.0,48.4,0.032,334.0,True,3,train
UID_0053721_RVC_005.tbl,47 UMa,77,1.517307075122286,1078.0,48.4,0.032,334.0,True,3,train
UID_0053721_RVC_006.tbl,47 UMa,43,1.5369677232350412,1078.0,48.4,0.032,334.0,True,3,train
UID_0054195_RVC_001.tbl,HD 96167,47,3.2545896042648,498.04,21.5,0.685,290.1,True,1,train
UID_0054232_RVC_001.tbl,HD 96127,50,9.007955409585188,647.29999,104.8,0.3,0.0,True,1,train
UID_0055664_RVC_001.tbl,HD 99109,41,1.8901781814739833,439.29999,14.1,0.09,0.0,True,1,train
UID_0055848_RVC_002.tbl,HD 99492,35,1.4326435282754555,17.0503,7.05,0.034,154.3,True,2,train
UID_0056508_RVC_001.tbl,HD 100655,13,1.3303018873144368,157.57001,35.2,0.09,0.0,True,1,val
UID_0056508_RVC_002.tbl,HD 100655,32,1.7382625172467872,157.57001,35.2,0.09,0.0,True,1,val
UID_0056528_RVC_001.tbl,GJ 433,166,1.039825049556405,7.3705,2.86,0.04,154.0,True,3,train
UID_0057087_RVC_001.tbl,GJ 436,42,1.135396961148642,2.64388312,17.09,0.13827,351.0,True,1,test
UID_0057087_RVC_002.tbl,GJ 436,55,0.8490490134552622,2.64388312,17.09,0.13827,351.0,True,1,test
UID_0057087_RVC_003.tbl,GJ 436,59,1.69224197600044,2.64388312,17.09,0.13827,351.0,True,1,test
UID_0057172_RVC_001.tbl,HD 101930,16,1.8041112141567837,70.46,18.1,0.11,0.0,True,1,train
UID_0057291_RVC_001.tbl,HD 102117,44,1.0554584799157996,20.8133,12.0,0.12,0.0,True,1,val
UID_0057291_RVC_002.tbl,HD 102117,13,1.9955181514853797,20.8133,12.0,0.12,0.0,True,1,val
UID_0057291_RVC_003.tbl,HD 102117,37,0.9876251214407096,20.8133,12.0,0.12,0.0,True,1,val
UID_0057370_RVC_001.tbl,HD 102195,10,1.8079374217589497,4.11377,63.0,0.0,0.0,True,1,val
UID_0057370_RVC_002.tbl,HD 102195,14,0.8923843059542157,4.11377,63.0,0.0,0.0,True,1,val
UID_0057370_RVC_003.tbl,HD 102195,35,1.1092720138444254,4.11377,63.0,0.0,0.0,True,1,val
UID_0057370_RVC_004.tbl,HD 102195,19,13.358094893626305,4.11377,63.0,0.0,0.0,True,1,val
UID_0058952_RVC_001.tbl,HD 104985,26,2.9830636106482578,199.68,169.06,0.047,133.8,True,1,train
UID_0058952_RVC_002.tbl,HD 104985,52,4.057060084146227,199.68,169.06,0.047,133.8,True,1,train
UID_0060081_RVC_001.tbl,HD 107148,35,1.1987365384901771,48.056,10.9,0.05,75.0,True,2,val
UID_0060202_RVC_001.tbl,11 Com,28,29.906810412056693,323.21,288.63,0.238,91.33,True,1,train
UID_0060202_RVC_002.tbl,11 Com,18,4.542020879964715,323.21,288.63,0.238,91.33,True,1,train
UID_0060644_RVC_001.tbl,HD 108147,54,2.1854629280951148,10.8985,25.1,0.53,308.0,True,1,train
UID_0060644_RVC_002.tbl,HD 108147,118,2.426504704784308,10.8985,25.1,0.53,308.0,True,1,train
UID_0061028_RVC_001.tbl,HD 108874,20,1.3207122542031868,394.48123,37.3,0.13,0.0,True,2,train
UID_0061028_RVC_002.tbl,HD 108874,49,1.1247789260778482,394.48123,37.3,0.13,0.0,True,2,train
UID_0061028_RVC_003.tbl,HD 108874,40,0.7260339447556168,394.48123,37.3,0.13,0.0,True,2,train
UID_0061028_RVC_004.tbl,HD 108874,55,2.7970615638234277,394.48123,37.3,0.13,0.0,True,2,train
UID_0061595_RVC_001.tbl,HD 109749,21,0.9782186328846612,5.239891,29.2,0.0,109.8,True,1,train
UID_0062534_RVC_001.tbl,HD 111232,38,1.3672807563281506,1169.13202,160.429,0.214,94.142,True,2,train
UID_0062534_RVC_002.tbl,HD 111232,15,1.3438262769963598,1169.13202,160.429,0.214,94.142,True,2,train
UID_0064295_RVC_001.tbl,HD 114386,58,1.5517951634789184,937.70001,34.3,0.23,0.0,True,2,val
UID_0064457_RVC_001.tbl,HD 114783,54,1.7843242199923002,493.7,31.9,0.144,86.0,True,2,train
UID_0064457_RVC_002.tbl,HD 114783,37,1.678066502716049,493.7,31.9,0.144,86.0,True,2,train
UID_0064457_RVC_003.tbl,HD 114783,34,0.8004669011291202,493.7,31.9,0.144,86.0,True,2,train
UID_0064459_RVC_001.tbl,HD 114729,38,1.5717184201791072,1121.79,16.91,0.079,77.059,True,1,train
UID_0064459_RVC_002.tbl,HD 114729,42,1.448808833361584,1121.79,16.91,0.079,77.059,True,1,train
UID_0064924_RVC_001.tbl,61 Vir,26,1.9201487514810969,38.021,3.62,0.14,341.0,True,3,train
UID_0064924_RVC_002.tbl,61 Vir,126,2.8907784101753355,38.021,3.62,0.14,341.0,True,3,train
UID_0064924_RVC_003.tbl,61 Vir,80,4.108915047702047,38.021,3.62,0.14,341.0,True,3,train
UID_0065721_RVC_001.tbl,70 Vir,74,1.4689951206487912,116.688,316.2,0.3988,359.83,True,1,train
UID_0065721_RVC_002.tbl,70 Vir,35,0.8075732433571087,116.688,316.2,0.3988,359.83,True,1,train
UID_0065808_RVC_001.tbl,HD 117207,43,1.3527779519390937,2621.75,27.78,0.157,90.217,True,1,val
UID_0065808_RVC_002.tbl,HD 117207,35,1.5666532591158269,2621.75,27.78,0.157,90.217,True,1,val
UID_0066047_RVC_001.tbl,HD 117618,57,1.552049162363074,25.8,10.9,0.15,289.0,True,1,train
UID_0066047_RVC_002.tbl,HD 117618,47,1.1783073413254108,25.8,10.9,0.15,289.0,True,1,train
UID_0066192_RVC_001.tbl,HD 118203,43,1.53056299712314,6.1349779,216.9,0.3136,155.5,True,2,train
UID_0066903_RVC_001.tbl,HD 120084,33,1.8254227744690628,2142.0,40.5,0.483,103.9,True,1,train
UID_0068162_RVC_001.tbl,HD 121504,100,2.0008789973309997,63.33,55.8,0.03,0.0,True,1,train
UID_0070123_RVC_001.tbl,HD 125612,19,2.0895618924954427,2822.72698,100.067,0.115,315.896,True,3,val
UID_0070890_RVC_001.tbl,Proxima Cen,144,2.1397273343492653,11.18465,1.226,0.0,0.0,True,2,test
UID_0070890_RVC_002.tbl,Proxima Cen,70,2.3353652388091906,11.18465,1.226,0.0,0.0,True,2,test
UID_0071395_RVC_001.tbl,HD 128311,30,4.169791136093016,921.538,74.799,0.159,15.445,True,2,train
UID_0071395_RVC_002.tbl,HD 128311,76,5.250538242824425,921.538,74.799,0.159,15.445,True,2,train
UID_0071395_RVC_003.tbl,HD 128311,78,3.631141979312289,921.538,74.799,0.159,15.445,True,2,train
UID_0072203_RVC_001.tbl,HD 129445,17,1.2390659690417256,1840.0,38.0,0.7,163.0,True,1,train
UID_0072339_RVC_001.tbl,HD 130322,12,2.7125602498341412,10.70871,112.5,0.029,193.0,True,1,test
UID_0072339_RVC_002.tbl,HD 130322,118,1.2946392538941085,10.70871,112.5,0.029,193.0,True,1,test
UID_0072339_RVC_003.tbl,HD 130322,30,1.0371794410125923,10.70871,112.5,0.029,193.0,True,1,test
UID_0072339_RVC_004.tbl,HD 130322,5,0.0723443855004469,10.70871,112.5,0.029,193.0,True,1,test
UID_0074500_RVC_001.tbl,HD 134987,11,2.237565767619401,258.17999,49.5,0.23,0.0,True,2,train
UID_0074500_RVC_002.tbl,HD 134987,34,3.484168038049858,258.17999,49.5,0.23,0.0,True,2,train
UID_0074500_RVC_003.tbl,HD 134987,56,3.9314846411381983,258.17999,49.5,0.23,0.0,True,2,train
UID_0074500_RVC_004.tbl,HD 134987,63,7.200085263867927,258.17999,49.5,0.23,0.0,True,2,train
UID_0074500_RVC_005.tbl,HD 134987,75,8.665927395457508,258.17999,49.5,0.23,0.0,True,2,train
UID_0074500_RVC_006.tbl,HD 134987,43,3.3770303694880064,258.17999,49.5,0.23,0.0,True,2,train
UID_0074793_RVC_001.tbl,11 UMi,58,5.125816690681949,516.21997,189.7,0.08,0.0,True,1,val
UID_0074948_RVC_001.tbl,HD 136118,37,1.4467030961036882,1187.59765,212.691,0.344,313.267,True,1,val
UID_0074948_RVC_002.tbl,HD 136118,33,5.742175515826799,1187.59765,212.691,0.344,313.267,True,1,val
UID_0074948_RVC_003.tbl,HD 136118,63,1.2948778669911114,1187.59765,212.691,0.344,313.267,True,1,val
UID_0074948_RVC_004.tbl,HD 136118,64,1.6339271791190515,1187.59765,212.691,0.344,313.267,True,1,val
UID_0074948_RVC_005.tbl,HD 136118,4,0.1417077646926131,1187.59765,212.691,0.344,313.267,True,1,val
UID_0074961_RVC_001.tbl,HD 136418,24,6.8219289477859215,464.29999,44.7,0.25,0.0,True,1,train
UID_0074995_RVC_002.tbl,GJ 581,119,2.0437377715201706,5.3686,12.3,0.0342,54.0,True,3,test
UID_0075181_RVC_001.tbl,HD 136352,23,2.8143354399694775,27.59221,2.61,0.0,0.0,True,3,train
UID_0076311_RVC_001.tbl,HD 139357,49,1.8474481678674055,1124.79139,161.194,0.099,235.995,True,1,test
UID_0077257_RVC_001.tbl,HD 141004,81,7.416819186746245,15.5083,3.45,0.16,19.4806,True,1,val
UID_0077257_RVC_002.tbl,HD 141004,8,1.4554736514063915,15.5083,3.45,0.16,19.4806,True,1,val
UID_0077257_RVC_003.tbl,HD 141004,149,3.8709092853506344,15.5083,3.45,0.16,19.4806,True,1,val
UID_0077257_RVC_004.tbl,HD 141004,16,1.429501828973979,15.5083,3.45,0.16,19.4806,True,1,val
UID_0077517_RVC_001.tbl,HD 330075,21,1.742534414539508,3.38773,107.0,0.0,0.0,True,1,train
UID_0077740_RVC_001.tbl,HD 141937,81,8.123920464419605,653.21997,234.5,0.41,0.0,True,1,train
UID_0078169_RVC_001.tbl,HD 142415,137,1.957931883226425,386.29999,51.3,0.5,0.0,True,1,train
UID_0078521_RVC_001.tbl,HD 143361,6,0.4348582157290322,1039.15,73.89,0.197,241.889,True,1,train
UID_0078521_RVC_002.tbl,HD 143361,12,1.1918631450914523,1039.15,73.89,0.197,241.889,True,1,train
UID_0079219_RVC_001.tbl,HD 145457,23,1.671965555692244,176.13,66.46,0.111,-48.6,True,1,test
UID_0079219_RVC_002.tbl,HD 145457,3,0.3509935648012057,176.13,66.46,0.111,-48.6,True,1,test
UID_0079346_RVC_001.tbl,HD 145377,64,22.877930353630436,103.95,242.7,0.31,0.0,True,1,train
UID_0079431_RVC_001.tbl,HIP 79431,13,1.1895670968986416,111.7,149.5,0.29,287.4,True,1,train
UID_0080076_RVC_005.tbl,HAT-P-2,14,4.420156321159458,5.6335158,953.3,0.5172,188.01,True,2,train
UID_0080337_RVC_001.tbl,HD 147513,30,1.7018383813158675,528.4,29.3,0.26,282.0,True,1,val
UID_0080838_RVC_001.tbl,HD 149026,16,1.5260958758733485,2.87589,43.3,0.0,0.0,True,1,train
UID_0080838_RVC_002.tbl,HD 149026,7,1.5135560675706408,2.87589,43.3,0.0,0.0,True,1,train
UID_0080838_RVC_003.tbl,HD 149026,4,0.6167324654746072,2.87589,43.3,0.0,0.0,True,1,train
UID_0081022_RVC_001.tbl,HD 149143,8,1.7256185026369102,4.07182,150.3,0.0167,217.0,True,1,test
UID_0081022_RVC_002.tbl,HD 149143,17,0.6336060913054432,4.07182,150.3,0.0167,217.0,True,1,test
UID_0082632_RVC_001.tbl,HD 152079,15,1.2060315122566914,2918.92,40.76,0.532,332.905,True,1,val
UID_0083043_RVC_001.tbl,GJ 649,43,1.4718733496934673,600.1,9.71,0.083,3.0,True,1,test
UID_0083547_RVC_001.tbl,HD 153950,49,5.436011324694224,499.39999,69.2,0.34,0.0,True,1,train
UID_0083949_RVC_001.tbl,HD 155358,71,3.1106051508730435,194.3,32.0,0.17,0.0,True,2,train
UID_0083949_RVC_002.tbl,HD 155358,122,1.3643880600964589,194.3,32.0,0.17,0.0,True,2,train
UID_0083983_RVC_001.tbl,HD 154672,6,1.3407856643245015,163.94,225.0,0.61,0.0,True,1,val
UID_0083983_RVC_002.tbl,HD 154672,16,2.05719986683748,163.94,225.0,0.61,0.0,True,1,val
UID_0084069_RVC_001.tbl,HD 154857,18,1.989659927783102,408.60001,48.3,0.46,0.0,True,2,val
UID_0084069_RVC_002.tbl,HD 154857,28,4.6815540903062525,408.60001,48.3,0.46,0.0,True,2,val
UID_0084171_RVC_001.tbl,HD 156279,15,2.0973343548022765,133.40355,509.454,0.647,265.742,True,2,val
UID_0085523_RVC_001.tbl,GJ 674,32,4.504566172040285,4.6938,8.7,0.2,143.0,True,1,train
UID_0085647_RVC_001.tbl,GJ 676 A,75,2.1710303232357337,1051.44521,125.172,0.319,87.073,True,4,train
UID_0086375_RVC_001.tbl,HD 159868,28,4.795427666107618,1184.1,37.92,0.024,63.0,True,2,train
UID_0086796_RVC_001.tbl,HD 160691,21,0.8869625109276604,645.0,36.1,0.0,39.0,False,4,train
UID_0086796_RVC_003.tbl,HD 160691,38,1.3653327827298156,645.0,36.1,0.0,39.0,False,4,train
UID_0086796_RVC_004.tbl,HD 160691,45,0.9594782951583036,645.0,36.1,0.0,39.0,False,4,train
UID_0087330_RVC_001.tbl,HD 162020,46,41.323702046990235,8.4282,1813.0,0.28,0.0,True,1,train
UID_0087601_RVC_001.tbl,HD 163607,53,2.456384744228073,75.2203,52.34,0.7441,79.6,True,2,val
UID_0088268_RVC_001.tbl,HD 164509,49,3.526036853069509,280.17,13.15,0.238,326.0,True,1,train
UID_0088348_RVC_001.tbl,HD 164922,64,0.9874972536826544,1207.0,6.7,0.08,116.0,True,4,test
UID_0088414_RVC_001.tbl,HD 164604,18,1.6912023029793382,653.9,76.2,0.479,64.6,True,2,train
UID_0089047_RVC_001.tbl,HD 167042,31,1.5627393570737929,417.67,30.52,0.01,54.4,True,1,train
UID_0089047_RVC_002.tbl,HD 167042,29,1.2830942437087172,417.67,30.52,0.01,54.4,True,1,train
UID_0089844_RVC_001.tbl,HD 168443,106,1.7820341328065958,58.11187,475.836,0.53,172.991,True,2,train
UID_0089844_RVC_002.tbl,HD 168443,30,1.3015429480660845,58.11187,475.836,0.53,172.991,True,2,train
UID_0089844_RVC_003.tbl,HD 168443,66,1.8788325065534173,58.11187,475.836,0.53,172.991,True,2,train
UID_0089844_RVC_004.tbl,HD 168443,72,1.9121431556560613,58.11187,475.836,0.53,172.991,True,2,train
UID_0089844_RVC_005.tbl,HD 168443,22,1.2663060608258043,58.11187,475.836,0.53,172.991,True,2,train
UID_0089844_RVC_006.tbl,HD 168443,112,3.221341852591343,58.11187,475.836,0.53,172.991,True,2,train
UID_0090004_RVC_001.tbl,HD 168746,16,1.2074110705717191,6.404,28.6,0.11,0.0,True,1,train
UID_0090004_RVC_002.tbl,HD 168746,154,1.5774552147102063,6.404,28.6,0.11,0.0,True,1,train
UID_0090485_RVC_001.tbl,HD 169830,35,1.2300394178058207,225.67372,79.46,0.294,147.743,True,2,train
UID_0090593_RVC_001.tbl,HD 170469,35,2.5289421876757925,1145.0,12.0,0.11,0.0,True,1,train
UID_0091852_RVC_001.tbl,HD 173416,30,2.1184038439788755,322.03,35.33,0.208,-117.9,True,1,test
UID_0091852_RVC_002.tbl,HD 173416,22,1.001992465359828,322.03,35.33,0.208,-117.9,True,1,test
UID_0092895_RVC_001.tbl,HD 175541,29,2.470671432239289,298.43,14.68,0.11,129.0,True,1,train
UID_0093746_RVC_001.tbl,HD 177830,54,2.3493874436901256,410.10001,32.6,0.1,0.0,True,2,test
UID_0093746_RVC_002.tbl,HD 177830,29,2.0303375120024394,410.10001,32.6,0.1,0.0,True,2,test
UID_0094256_RVC_001.tbl,HD 179079,74,3.09236674145961,14.479,6.22,0.049,308.0,True,1,train
UID_0094576_RVC_001.tbl,HD 180314,21,3.140864912868615,394.73,343.39,0.247,-56.3,True,1,val
UID_0094576_RVC_002.tbl,HD 180314,3,1.5710275833773095,394.73,343.39,0.247,-56.3,True,1,val
UID_0094645_RVC_001.tbl,HD 179949,65,2.090845469857064,3.092514,112.6,0.022,192.0,True,1,test
UID_0094645_RVC_002.tbl,HD 179949,23,1.7873101038086625,3.092514,112.6,0.022,192.0,True,1,test
UID_0094645_RVC_003.tbl,HD 179949,20,1.8325713630810896,3.092514,112.6,0.022,192.0,True,1,test
UID_0094645_RVC_004.tbl,HD 179949,3,12.755809449009485,3.092514,112.6,0.022,192.0,True,1,test
UID_0094645_RVC_005.tbl,HD 179949,17,1.223118840519709,3.092514,112.6,0.022,192.0,True,1,test
UID_0094951_RVC_001.tbl,HD 180902,12,2.191389359911552,510.9,34.25,0.107,181.0,True,1,train
UID_0095124_RVC_001.tbl,HD 181342,17,4.2487070277017,564.1,44.1,0.022,290.0,True,1,train
UID_0095467_RVC_001.tbl,HD 181433,107,2.884467064189967,1018.5,17.05,0.2402,10.1,True,3,train
UID_0095740_RVC_001.tbl,HD 183263,34,1.1612937528874068,624.87404,85.702,0.383,232.05,True,2,train
UID_0095740_RVC_002.tbl,HD 183263,29,1.1505203876107823,624.87404,85.702,0.383,232.05,True,2,train
UID_0095740_RVC_003.tbl,HD 183263,41,2.363571422706187,624.87404,85.702,0.383,232.05,True,2,train
UID_0096078_RVC_001.tbl,HD 231701,17,1.5335300929275124,141.63,39.2,0.13,68.0,True,1,val
UID_0096507_RVC_001.tbl,HD 185269,30,1.7624894778235731,6.83776,93.3,0.229,176.2,True,1,train
UID_0096507_RVC_002.tbl,HD 185269,38,1581.768920665403,6.83776,93.3,0.229,176.2,True,1,train
UID_0096901_RVC_001.tbl,16 Cyg B,95,1.2079664175538236,798.5,50.5,0.68,0.0,True,1,train
UID_0096901_RVC_002.tbl,16 Cyg B,29,0.8474831871218781,798.5,50.5,0.68,0.0,True,1,train
UID_0096901_RVC_003.tbl,16 Cyg B,41,1.5110217932007777,798.5,50.5,0.68,0.0,True,1,train
UID_0096901_RVC_004.tbl,16 Cyg B,450,17.556786601987458,798.5,50.5,0.68,0.0,True,1,train
UID_0097336_RVC_001.tbl,HD 187123,65,0.9831223022938528,3.0965828,69.4,0.0103,25.0,True,2,train
UID_0097336_RVC_002.tbl,HD 187123,57,1.224763782568448,3.0965828,69.4,0.0103,25.0,True,2,train
UID_0097336_RVC_003.tbl,HD 187123,41,1.1940058958754949,3.0965828,69.4,0.0103,25.0,True,2,train
UID_0097546_RVC_001.tbl,HD 187085,40,1.5689914960620153,1019.74,15.39,0.251,98.315,True,1,train
UID_0097769_RVC_001.tbl,HD 188015,44,1.366653867243557,461.2,37.6,0.137,222.0,True,1,train
UID_0097769_RVC_002.tbl,HD 188015,35,1.944493925318699,461.2,37.6,0.137,222.0,True,1,train
UID_0098505_RVC_001.tbl,HD 189733,78,16.7829636399737,2.21857567,205.0,0.0,0.0,True,1,train
UID_0098505_RVC_002.tbl,HD 189733,86,17.846495683104855,2.21857567,205.0,0.0,0.0,True,1,train
UID_0098714_RVC_001.tbl,HD 190228,51,1.0800353342876086,1143.59858,92.936,0.559,97.211,True,1,train
UID_0098714_RVC_002.tbl,HD 190228,42,0.6973376762061128,1143.59858,92.936,0.559,97.211,True,1,train
UID_0098714_RVC_003.tbl,HD 190228,8,1.0416402437708183,1143.59858,92.936,0.559,97.211,True,1,train
UID_0099115_RVC_001.tbl,HD 190647,21,2.551667540446249,1176.45,37.51,0.224,219.541,True,1,train
UID_0099711_RVC_001.tbl,HD 192263,31,2.2684811434971643,24.3556,51.9,0.05,0.0,True,1,train
UID_0099711_RVC_002.tbl,HD 192263,181,1.8226272011674756,24.3556,51.9,0.05,0.0,True,1,train
UID_0099711_RVC_003.tbl,HD 192263,15,1.4140408986230912,24.3556,51.9,0.05,0.0,True,1,train
UID_0099825_RVC_001.tbl,HD 192310,142,3.492986846393048,74.72,3.0,0.13,173.0,True,2,train
UID_0099894_RVC_001.tbl,HD 192699,34,1.7162814809670983,340.94,49.3,0.082,87.0,True,1,train
UID_0100970_RVC_001.tbl,HD 195019,37,1.9913154662872856,18.20132,271.5,0.01,0.0,True,1,val
UID_0100970_RVC_002.tbl,HD 195019,117,1.5026423042441277,18.20132,271.5,0.01,0.0,True,1,val
UID_0100970_RVC_003.tbl,HD 195019,7,1.914740191587078,18.20132,271.5,0.01,0.0,True,1,val
UID_0100970_RVC_004.tbl,HD 195019,7,1.260805312127525,18.20132,271.5,0.01,0.0,True,1,val
UID_0100970_RVC_005.tbl,HD 195019,5,0.7111860469786085,18.20132,271.5,0.01,0.0,True,1,val
UID_0100970_RVC_006.tbl,HD 195019,14,1.290687119484318,18.20132,271.5,0.01,0.0,True,1,val
UID_0100970_RVC_007.tbl,HD 195019,19,1.3456490559131655,18.20132,271.5,0.01,0.0,True,1,val
UID_0103527_RVC_001.tbl,18 Del,51,2.234897749221797,982.85,114.96,0.024,64.11,True,1,train
UID_0104903_RVC_001.tbl,HD 202206,95,41.05385072833766,1260.0,41.0,0.22,280.0,True,1,train
UID_0106006_RVC_001.tbl,HD 204313,36,0.8839206664989057,2041.11539,69.433,0.1,286.99,True,3,train
UID_0106824_RVC_001.tbl,HD 205739,24,1.8186987281438451,279.8,42.0,0.27,301.0,True,1,train
UID_0107251_RVC_001.tbl,HD 206610,24,3.4596644347680865,673.2,35.4,0.1,334.0,True,1,test
UID_0107985_RVC_001.tbl,HD 207832,86,4.412893423587621,160.07,20.73,0.197,1.0,True,2,train
UID_0108296_RVC_001.tbl,HD 208527,24,8.893962160605536,875.5,155.4,0.08,278.0,True,1,test
UID_0108375_RVC_001.tbl,HD 208487,35,1.609173770295331,129.36,18.28,0.37,63.0,True,1,train
UID_0108375_RVC_002.tbl,HD 208487,31,1.4966821415190097,129.36,18.28,0.37,63.0,True,1,train
UID_0108859_RVC_001.tbl,HD 209458,64,1.3348579860096916,3.52474859,84.7,0.0,0.0,True,1,train
UID_0108859_RVC_002.tbl,HD 209458,85,3.612134899064995,3.52474859,84.7,0.0,0.0,True,1,train
UID_0108859_RVC_003.tbl,HD 209458,141,1.7076533688527438,3.52474859,84.7,0.0,0.0,True,1,train
UID_0108859_RVC_004.tbl,HD 209458,46,1.1796457589346638,3.52474859,84.7,0.0,0.0,True,1,train
UID_0108859_RVC_005.tbl,HD 209458,51,3.670681165702068,3.52474859,84.7,0.0,0.0,True,1,train
UID_0109378_RVC_001.tbl,HD 210277,69,2.855305649782989,442.19,38.9,0.48,0.0,True,1,val
UID_0109378_RVC_002.tbl,HD 210277,34,1.5037303376227251,442.19,38.9,0.48,0.0,True,1,val
UID_0109378_RVC_003.tbl,HD 210277,42,0.8968946925551547,442.19,38.9,0.48,0.0,True,1,val
UID_0109378_RVC_004.tbl,HD 210277,45,2.383965836339446,442.19,38.9,0.48,0.0,True,1,val
UID_0109378_RVC_005.tbl,HD 210277,21,1.835189007673288,442.19,38.9,0.48,0.0,True,1,val
UID_0109388_RVC_001.tbl,GJ 849,29,1.793799737087484,1925.31,24.85,0.029,111.0,True,2,train
UID_0109577_RVC_001.tbl,HD 210702,29,1.57120190841885,355.5,36.11,0.071,112.4,True,1,train
UID_0110813_RVC_001.tbl,HD 212771,20,3.9908063116720567,380.7,50.0,0.076,29.0,True,1,train
UID_0110852_RVC_001.tbl,HD 212301,23,2.429265856876325,2.24571,59.5,0.0,0.0,True,1,train
UID_0111143_RVC_001.tbl,HD 213240,30,7.041707456721687,882.70001,96.6,0.42,0.0,True,1,train
UID_0111143_RVC_002.tbl,HD 213240,72,2.429419271615942,882.70001,96.6,0.42,0.0,True,1,train
UID_0113020_RVC_001.tbl,GJ 876,113,7.141474487022846,61.1166,214.0,0.0324,50.3,True,4,test
UID_0113020_RVC_002.tbl,GJ 876,54,3.965193273537112,61.1166,214.0,0.0324,50.3,True,4,test
UID_0113020_RVC_003.tbl,GJ 876,16,1.5394620688685514,61.1166,214.0,0.0324,50.3,True,4,test
UID_0113020_RVC_004.tbl,GJ 876,155,10.44841363404271,61.1166,214.0,0.0324,50.3,True,4,test
UID_0113238_RVC_001.tbl,HD 216770,16,1.5239872214688892,118.45,30.9,0.37,0.0,True,1,test
UID_0113357_RVC_001.tbl,51 Peg,256,1.0775545040906789,4.230785,55.94,0.013,58.0,True,1,test
UID_0113357_RVC_002.tbl,51 Peg,111,1.0991273809488171,4.230785,55.94,0.013,58.0,True,1,test
UID_0113357_RVC_003.tbl,51 Peg,153,1.6814694261266243,4.230785,55.94,0.013,58.0,True,1,test
UID_0114322_RVC_001.tbl,HD 218566,56,2.7532478642585057,225.7,8.3,0.3,0.0,True,1,val
UID_0114622_RVC_001.tbl,HD 219134,113,4.649249487147969,2247.0,6.1,0.06,215.0,True,6,val
UID_0114622_RVC_002.tbl,HD 219134,1,0.0381544006988153,2247.0,6.1,0.06,215.0,True,6,val
UID_0114622_RVC_003.tbl,HD 219134,35,3.1676013154744163,2247.0,6.1,0.06,215.0,True,6,val
UID_0114622_RVC_004.tbl,HD 219134,11,0.6318613098598045,2247.0,6.1,0.06,215.0,True,6,val
UID_0114840_RVC_001.tbl,HD 240237,40,4.9288426238835665,745.70001,91.5,0.4,0.0,True,1,test
UID_0115100_RVC_001.tbl,HD 219828,22,2.410053773099363,4789.87297,268.248,0.811,145.683,True,2,train
UID_0115218_RVC_001.tbl,HD 220074,32,9.117724008831567,672.09998,230.8,0.14,0.0,True,1,train
UID_0115697_RVC_001.tbl,HD 220773,43,1.6046137324533467,3724.7,20.0,0.51,259.0,True,1,train
UID_0116076_RVC_001.tbl,14 And,34,3.522813443996333,186.76,86.08,0.0,0.0,True,1,train
UID_0116084_RVC_001.tbl,HD 221287,26,4.3170982567210014,456.1,71.0,0.08,98.0,True,1,train
UID_0116906_RVC_001.tbl,HD 222582,37,11.786390122127466,572.38,276.3,0.73,0.0,True,1,test
UID_0116906_RVC_002.tbl,HD 222582,24,4.176518422208682,572.38,276.3,0.73,0.0,True,1,test
UID_0118319_RVC_001.tbl,HD 224693,24,1.3346665538154927,26.6904,39.96,0.104,358.0,True,1,train
UID_0250257_RVC_001.tbl,GJ 317,18,2.34961985033736,695.69,71.39,0.0826,11.3,True,2,train
UID_0250599_RVC_001.tbl,GJ 1214,27,1.094043074312793,1.580404531,14.38,0.0062,77.0,True,1,train
UID_0250911_RVC_001.tbl,GJ 3470,61,1.4692446130438692,3.3366496,13.4,0.0,0.0,False,1,test
UID_0250999_RVC_001.tbl,GJ 3634,54,1.1901040467242103,2.64561,5.59,0.08,84.0,True,1,train
UID_0300004_RVC_002.tbl,OGLE-TR-132,5,0.3037308269497719,1.689868,167.0,0.0,0.0,False,1,train
UID_0300005_RVC_001.tbl,OGLE-TR-56,3,705.2978169376877,1.2119189,225.0,0.0,0.0,False,1,test
UID_0300005_RVC_002.tbl,OGLE-TR-56,5,0.8967219699428882,1.2119189,225.0,0.0,0.0,False,1,test
UID_0300005_RVC_003.tbl,OGLE-TR-56,11,1.2215141109271723,1.2119189,225.0,0.0,0.0,False,1,test
UID_0300006_RVC_001.tbl,TrES-1,8,0.7516063199851234,3.03007,115.2,0.0,0.0,True,1,train
UID_0300006_RVC_002.tbl,TrES-3,20,1.1629810226183983,1.30618581,369.0,0.0,0.0,True,1,val
UID_0300007_RVC_001.tbl,XO-1,6,0.3292342000208011,3.94153,116.0,0.0,0.0,True,1,train
UID_0300007_RVC_002.tbl,XO-1,4,0.0858799623134919,3.94153,116.0,0.0,0.0,True,1,train
UID_0300013_RVC_001.tbl,TrES-2,11,0.8316560458649745,2.47063,181.3,0.0,0.0,True,1,test
UID_0300013_RVC_002.tbl,TrES-2,56,1.0746958577677646,2.47063,181.3,0.0,0.0,True,1,test
UID_0300014_RVC_001.tbl,HAT-P-1,9,6.630940155642487,4.46529976,58.9,0.0,0.0,False,1,val
UID_0300014_RVC_002.tbl,HAT-P-1,4,7.488701635706453e-06,4.46529976,58.9,0.0,0.0,False,1,val
UID_0300014_RVC_003.tbl,HAT-P-1,88,4.677903327121007,4.46529976,58.9,0.0,0.0,False,1,val
UID_0300014_RVC_004.tbl,HAT-P-1,33,1.2611130343324424,4.46529976,58.9,0.0,0.0,False,1,val
UID_0300014_RVC_005.tbl,HAT-P-1,4,0.6236513257254437,4.46529976,58.9,0.0,0.0,False,1,val
UID_0300017_RVC_001.tbl,WASP-1,7,1.1123640209024808,2.5199454,110.9,0.0,0.0,True,1,train
UID_0300018_RVC_001.tbl,WASP-2,9,2.8966537040922957,2.152175,157.0,0.0,0.0,False,1,test
UID_0300036_RVC_001.tbl,CoRoT-1,9,0.6870780647106857,1.5089557,188.0,0.0,0.0,True,1,test
UID_0300040_RVC_001.tbl,HAT-P-3,9,1.8395971181483903,2.8997,89.1,0.0,0.0,True,1,train
UID_0300042_RVC_001.tbl,TrES-3,7,0.7822643042687538,1.30618581,369.0,0.0,0.0,True,1,val
UID_0300043_RVC_001.tbl,TrES-4,4,0.2631010691311021,3.55395,97.4,0.0,0.0,True,1,train
UID_0300043_RVC_002.tbl,TrES-4,31,1.4475979126749356,3.55395,97.4,0.0,0.0,True,1,train
UID_0300044_RVC_001.tbl,XO-3,55,1.6171363882639518,3.19152309,1471.8,0.2791,-10.84,True,1,train
UID_0300044_RVC_002.tbl,XO-3,11,0.3141030619322381,3.19152309,1471.8,0.2791,-10.84,True,1,train
UID_0300044_RVC_003.tbl,XO-3,10,0.531595167096998,3.19152309,1471.8,0.2791,-10.84,True,1,train
UID_0300044_RVC_004.tbl,XO-3,39,4.680048097267592,3.19152309,1471.8,0.2791,-10.84,True,1,train
UID_0300046_RVC_001.tbl,HAT-P-4,9,0.866615813477696,3.056536,81.1,0.0,0.0,True,1,train
UID_0300047_RVC_001.tbl,HD 171028,19,15.86962214039766,550.0,60.6,0.59,0.0,True,1,train
UID_0300048_RVC_001.tbl,CoRoT-2,3,593.0327316930976,1.7429935,603.0,0.0143,102.0,True,1,train
UID_0300048_RVC_002.tbl,CoRoT-2,12,1.4979210669123657,1.7429935,603.0,0.0143,102.0,True,1,train
UID_0300048_RVC_003.tbl,CoRoT-2,11,1.0698145501831278,1.7429935,603.0,0.0143,102.0,True,1,train
UID_0300048_RVC_004.tbl,CoRoT-2,21,5.832714281165838,1.7429935,603.0,0.0143,102.0,True,1,train
UID_0300048_RVC_005.tbl,CoRoT-2,8,3.708603346269407,1.7429935,603.0,0.0143,102.0,True,1,train
UID_0300050_RVC_001.tbl,HAT-P-5,8,1.5628058588465128,2.78849,138.0,0.0,0.0,True,1,val
UID_0300051_RVC_001.tbl,HAT-P-6,15,1.8518951460667832,3.85298,115.5,0.0,0.0,True,1,train
UID_0300056_RVC_001.tbl,WASP-3,7,1.4247550178295805,1.84683,290.5,0.0,0.0,True,1,train
UID_0300056_RVC_002.tbl,WASP-3,33,1.828022807662082,1.84683,290.5,0.0,0.0,True,1,train
UID_0300056_RVC_003.tbl,WASP-3,33,8.13010011549671,1.84683,290.5,0.0,0.0,True,1,train
UID_0300058_RVC_001.tbl,WASP-5,11,0.6552190433009468,1.6284279,279.7,0.038,34.38,True,1,train
UID_0300061_RVC_001.tbl,HAT-P-7,8,1.285862743789511,2.20474,211.8,0.0,0.0,True,1,train
UID_0300061_RVC_002.tbl,HAT-P-7,17,2.7829949786486954,2.20474,211.8,0.0,0.0,True,1,train
UID_0300061_RVC_003.tbl,HAT-P-7,69,2.295380096911269,2.20474,211.8,0.0,0.0,True,1,train
UID_0300062_RVC_001.tbl,WASP-6,35,0.7871850715146931,3.3610026,69.6,0.0,0.0,False,1,train
UID_0300062_RVC_002.tbl,WASP-6,44,2.0648058648538132,3.3610026,69.6,0.0,0.0,False,1,train
UID_0300063_RVC_001.tbl,WASP-7,11,1.3884573363209152,4.9546416,97.0,0.0,0.0,False,1,train
UID_0300066_RVC_001.tbl,WASP-10,7,1.1394116034040052,3.0927616,533.1,0.0,0.0,False,1,train
UID_0300066_RVC_002.tbl,WASP-10,7,0.889406135249758,3.0927616,533.1,0.0,0.0,False,1,train
UID_0300067_RVC_002.tbl,WASP-11,6,1.852314458531343,3.72247,82.1,0.0,0.0,True,1,train
UID_0300067_RVC_003.tbl,WASP-11,7,1.1471837908062752,3.72247,82.1,0.0,0.0,True,1,train
UID_0300069_RVC_001.tbl,WASP-13,11,1.46267264347211,4.35301,55.5,0.0,0.0,True,1,train
UID_0300070_RVC_001.tbl,WASP-14,11,2.0879918575608305,2.24375,993.0,0.09,0.0,True,1,train
UID_0300070_RVC_002.tbl,WASP-14,5,2.474316059113785,2.24375,993.0,0.09,0.0,True,1,train
UID_0300070_RVC_003.tbl,WASP-14,39,1.446806196331779,2.24375,993.0,0.09,0.0,True,1,train
UID_0300070_RVC_004.tbl,WASP-14,6,0.2367131528980561,2.24375,993.0,0.09,0.0,True,1,train
UID_0300070_RVC_005.tbl,WASP-14,21,1.802257244893145,2.24375,993.0,0.09,0.0,True,1,train
UID_0300071_RVC_001.tbl,WASP-15,21,1.0770919299365849,3.7521,63.4,0.0,0.0,True,1,train
UID_0300072_RVC_001.tbl,XO-4,9,0.6134779967652022,4.12508,168.6,0.0,0.0,True,1,train
UID_0300073_RVC_001.tbl,XO-5,10,0.404841585272301,4.1877558,146.0,0.0,0.0,True,1,train
UID_0300073_RVC_002.tbl,XO-5,16,3.5355596777607765,4.1877558,146.0,0.0,0.0,True,1,train
UID_0300075_RVC_001.tbl,CoRoT-4,13,1.0707300697850002,9.20205,63.0,0.0,0.0,True,1,test
UID_0300075_RVC_002.tbl,CoRoT-4,7,0.4390266116092378,9.20205,63.0,0.0,0.0,True,1,test
UID_0300078_RVC_001.tbl,HAT-P-9,15,0.715145305355809,3.92281072,82.1,0.084,152.0,True,1,val
UID_0300082_RVC_001.tbl,HAT-P-8,10,1.7804612173302838,3.07634,153.1,0.0,0.0,True,1,train
UID_0300084_RVC_001.tbl,CoRoT-6,14,0.8556715295767325,8.886593,280.0,0.1,0.0,True,1,train
UID_0300085_RVC_001.tbl,HAT-P-12,21,1.7709865925381096,3.2130598,35.8,0.0,0.0,True,1,test
UID_0300087_RVC_001.tbl,HD 240210,38,4.12550743329046,501.75,161.89,0.15,277.59,True,1,train
UID_0300088_RVC_001.tbl,HAT-P-13,96,2.625541048060728,446.27,440.0,0.6616,175.29,True,2,val
UID_0300090_RVC_001.tbl,WASP-16,30,1.3356217298752169,3.1186,116.7,0.0,0.0,True,1,test
UID_0300091_RVC_001.tbl,WASP-17,41,1.1410574223258332,3.73543,59.2,0.0,0.0,True,1,train
UID_0300091_RVC_002.tbl,WASP-17,3,4715.1172099068435,3.73543,59.2,0.0,0.0,True,1,train
UID_0300095_RVC_001.tbl,WASP-19,34,1.1327979725802884,0.78883852,255.4,0.0126,51.0,True,1,val
UID_0300098_RVC_001.tbl,Kepler-6,9,0.9699964825220548,3.2346996,80.9,0.0,0.0,False,1,train
UID_0300099_RVC_001.tbl,Kepler-7,9,0.6477745502252588,4.8854892,42.9,0.0,0.0,False,1,val
UID_0300100_RVC_001.tbl,Kepler-8,24,1.016115051152549,3.5224991,68.4,0.0,0.0,False,1,train
UID_0300102_RVC_001.tbl,HAT-P-14,14,1.957297109858973,4.62767,219.0,0.11,0.0,True,1,val
UID_0300105_RVC_001.tbl,WASP-22,37,1.1633546565916302,3.53269,70.0,0.02,0.0,True,1,train
UID_0300105_RVC_002.tbl,WASP-22,6,0.5763681819466125,3.53269,70.0,0.02,0.0,True,1,train
UID_0300106_RVC_001.tbl,WASP-26,16,0.9407113655375212,2.7566,135.5,0.0,0.0,True,1,train
UID_0300107_RVC_001.tbl,WASP-21,13,0.7820420578735884,4.322482,37.2,0.0,0.0,True,1,val
UID_0300107_RVC_002.tbl,WASP-21,3,3084.85894554379,4.322482,37.2,0.0,0.0,True,1,val
UID_0300107_RVC_003.tbl,WASP-21,15,1.8564375348755493,4.322482,37.2,0.0,0.0,True,1,val
UID_0300107_RVC_004.tbl,WASP-21,11,0.7912797298221153,4.322482,37.2,0.0,0.0,True,1,val
UID_0300108_RVC_001.tbl,WASP-24,63,4.322925268547837,2.34121,148.2,0.0,0.0,True,1,train
UID_0300109_RVC_001.tbl,WASP-25,29,1.3396184781381473,3.7648337,75.3,0.0,0.0,False,1,val
UID_0300113_RVC_001.tbl,HAT-P-15,23,3.255978887754043,10.8635,180.6,0.19,0.0,True,1,train
UID_0300114_RVC_001.tbl,CoRoT-8,19,0.8684382098752247,6.21229,26.0,0.0,0.0,True,1,train
UID_0300114_RVC_002.tbl,CoRoT-8,2,1115.0801652642936,6.21229,26.0,0.0,0.0,True,1,train
UID_0300122_RVC_001.tbl,WASP-36,19,0.705642043661472,1.53736596,391.5,0.0,0.0,False,1,train
UID_0300123_RVC_001.tbl,HAT-P-18,24,2.085321499529279,5.508023,27.1,0.084,120.0,True,1,train
UID_0300126_RVC_001.tbl,HAT-P-20,10,5.620967965673349,2.875317,1246.0,0.015,317.0,True,1,test
UID_0300127_RVC_001.tbl,HAT-P-21,15,7.818479103573563,4.12448,548.3,0.23,0.0,True,1,train
UID_0300128_RVC_001.tbl,HAT-P-22,12,5.507539583444195,3.21222,313.3,0.02,0.0,True,1,train
UID_0300129_RVC_001.tbl,HAT-P-23,13,6.331200649618402,1.212884,368.5,0.106,118.0,True,1,train
UID_0300130_RVC_001.tbl,HAT-P-24,18,1.5658464709833428,3.35524,83.0,0.07,0.0,True,1,train
UID_0300131_RVC_001.tbl,HAT-P-25,8,1.185975625152068,3.65281514,74.5,0.023,287.0,True,1,train
UID_0300134_RVC_001.tbl,WASP-32,36,1.3920429336405946,2.71866,478.0,0.0,0.0,True,1,train
UID_0300135_RVC_001.tbl,WASP-38,63,3.2241130760548833,6.87188,252.0,0.03,0.0,True,1,test
UID_0300136_RVC_001.tbl,HAT-P-26,12,1.0457968321178577,4.23452,8.5,0.12,0.0,True,1,train
UID_0300145_RVC_001.tbl,HAT-P-27,36,0.8821051114681949,3.039577,91.2,0.0,0.0,True,1,train
UID_0300149_RVC_001.tbl,Kepler-40,11,1.2718743864532709,6.87349,179.0,0.0,0.0,True,1,test
UID_0300150_RVC_001.tbl,HAT-P-28,11,0.679229445182584,3.257215,84.7,0.051,233.0,True,1,test
UID_0300150_RVC_002.tbl,HAT-P-28,6,0.6701374858783138,3.257215,84.7,0.051,233.0,True,1,test
UID_0300151_RVC_001.tbl,HAT-P-29,8,2.5402384686331305,5.72319,78.3,0.09,0.0,True,1,train
UID_0300157_RVC_001.tbl,WASP-44,17,1.013498747410706,2.423804,138.0,0.0,0.0,False,1,train
UID_0300158_RVC_001.tbl,WASP-45,13,0.4807631038439232,3.126089,149.0,0.0,0.0,False,1,train
UID_0300165_RVC_001.tbl,CoRoT-18,5,0.3546361426783734,1.9000693,590.0,0.08,0.0,True,1,test
UID_0300165_RVC_002.tbl,CoRoT-18,18,1.496427707443256,1.9000693,590.0,0.08,0.0,True,1,test
UID_0300165_RVC_003.tbl,CoRoT-18,11,0.5283317774720436,1.9000693,590.0,0.08,0.0,True,1,test
UID_0300167_RVC_001.tbl,CoRoT-19,5,0.0941549634180943,3.89713,126.0,0.047,0.0,True,1,val
UID_0300167_RVC_002.tbl,CoRoT-19,18,1.2121527497703588,3.89713,126.0,0.047,0.0,True,1,val
UID_0300167_RVC_003.tbl,CoRoT-19,2,0.2170411575414904,3.89713,126.0,0.047,0.0,True,1,val
UID_0300167_RVC_004.tbl,CoRoT-19,7,0.6432214535351771,3.89713,126.0,0.047,0.0,True,1,val
UID_0300168_RVC_001.tbl,Kepler-15,24,0.5156126443590242,4.942782,78.7,0.06,0.0,True,1,test
UID_0300168_RVC_002.tbl,Kepler-15,6,0.1298402183258749,4.942782,78.7,0.06,0.0,True,1,test
UID_0300169_RVC_001.tbl,Kepler-17,13,1.107835775229841,1.4857108,419.5,0.011,0.0,True,1,train
UID_0300171_RVC_001.tbl,TrES-5,8,0.767615570239155,1.48224686,339.8,0.0,0.0,False,1,test
UID_0300175_RVC_001.tbl,Kepler-12,16,1.0312229256653858,4.4379629,48.2,0.0,0.0,False,1,train
UID_0300177_RVC_001.tbl,Kepler-43,8,0.6742177470711692,3.0240949,375.0,0.0,0.0,False,1,train
UID_0300178_RVC_001.tbl,Kepler-44,7,0.4083384962985144,3.2467293,125.0,0.066,0.0,True,1,train
UID_0300179_RVC_001.tbl,Qatar-2,44,1.0330808226839971,1.33711647,558.7,0.0,0.0,True,1,train
UID_0300182_RVC_001.tbl,Kepler-20,30,1.1323285988900615,3.6961049,4.23,0.083,0.0,True,6,val
UID_0300184_RVC_001.tbl,CoRoT-23,10,0.3243547129782176,3.6313,377.0,0.16,52.0,True,1,train
UID_0300208_RVC_001.tbl,Kepler-100,49,1.7384264102506255,60.888588,3.69074,0.026437,0.0,True,4,val
UID_0300243_RVC_001.tbl,Kepler-77,11,0.6090085421985871,3.57878087,59.2,0.0,0.0,True,1,train
UID_0300243_RVC_002.tbl,Kepler-77,4,8.27089132556568e-05,3.57878087,59.2,0.0,0.0,True,1,train
UID_0300286_RVC_001.tbl,Kepler-74,5,0.7674421457162839,7.340711,59.0,0.0,0.0,True,1,train
UID_0300286_RVC_002.tbl,Kepler-74,12,1.1398006338605569,7.340711,59.0,0.0,0.0,True,1,train
UID_0300317_RVC_001.tbl,Kepler-68,52,1.525832529809594,632.62,17.2,0.102,256.4,True,4,test
UID_0300788_RVC_001.tbl,Kepler-75,2,952.6193981486998,8.8849116,1287.0,0.57,63.5,True,1,train
UID_0300788_RVC_002.tbl,Kepler-75,9,21.36302020359347,8.8849116,1287.0,0.57,63.5,True,1,train
UID_0302448_RVC_001.tbl,CoRoT-16,24,1.1021798458033811,5.35227,61.96,0.33,168.41,True,1,test
UID_0302448_RVC_002.tbl,CoRoT-16,7,0.5126180225672068,5.35227,61.96,0.33,168.41,True,1,test
UID_0302459_RVC_001.tbl,HATS-1,6,5.006907410029178,3.446459,254.1,0.12,0.0,True,1,train
UID_0302459_RVC_002.tbl,HATS-1,6,0.3035573861365371,3.446459,254.1,0.12,0.0,True,1,train
UID_0302459_RVC_003.tbl,HATS-1,21,1.3676041511803727,3.446459,254.1,0.12,0.0,True,1,train
UID_0302460_RVC_001.tbl,WASP-78,17,0.5685910036500597,2.17518,113.8,0.0,0.0,True,1,train
UID_0302468_RVC_001.tbl,HAT-P-39,28,5.489941436590109,3.54387,63.6,0.0,0.0,True,1,train
UID_0302469_RVC_001.tbl,HAT-P-40,13,1.345656222925212,4.45724,58.1,0.0,0.0,True,1,train
UID_0302470_RVC_001.tbl,HAT-P-41,9,0.582276334478737,2.69405,92.5,0.0,0.0,True,1,val
UID_0302470_RVC_002.tbl,HAT-P-41,13,2.472381154819278,2.69405,92.5,0.0,0.0,True,1,val
UID_0302471_RVC_001.tbl,WASP-42,27,0.9574923553616842,4.9816819,64.8,0.0,0.0,False,1,test
UID_0302471_RVC_002.tbl,WASP-42,35,0.9342138956358438,4.9816819,64.8,0.0,0.0,False,1,test
UID_0302474_RVC_001.tbl,WASP-55,20,0.9804882858386288,4.465631,68.7,0.0,0.0,False,1,train
UID_0302475_RVC_001.tbl,WASP-61,15,0.6281240218100974,3.8559,233.0,0.0,0.0,True,1,train
UID_0302476_RVC_001.tbl,WASP-62,25,1.191948681678524,4.41195,60.0,0.0,0.0,True,1,test
UID_0302477_RVC_001.tbl,WASP-63,23,1.195465424643839,4.37808,39.0,0.0,0.0,True,1,val
UID_0302478_RVC_001.tbl,WASP-66,30,1.0303776373989415,4.08605,246.0,0.0,0.0,True,1,train
UID_0302479_RVC_001.tbl,WASP-67,19,0.6928717707553371,4.61442,56.0,0.0,0.0,True,1,train
UID_0302482_RVC_001.tbl,WASP-54,16,0.9142672736735072,3.69364,73.0,0.07,0.0,True,1,val
UID_0302482_RVC_002.tbl,WASP-54,7,1.3362930968294866,3.69364,73.0,0.07,0.0,True,1,val
UID_0302483_RVC_001.tbl,WASP-56,13,1.6992999947663756,4.6171,69.0,0.0,0.0,True,1,test
UID_0302486_RVC_001.tbl,WASP-58,15,0.988115125277992,5.01718,110.1,0.0,0.0,True,1,train
UID_0302489_RVC_001.tbl,WASP-77 A,11,2.3923519121348984,1.360029395,327.21,0.01353,-88.29,True,1,train
UID_0302489_RVC_002.tbl,WASP-77 A,8,0.8844493998678372,1.360029395,327.21,0.01353,-88.29,True,1,train
UID_0302492_RVC_001.tbl,WASP-64,16,0.4141653533239129,1.5732918,221.0,0.0,0.0,True,1,train
UID_0302493_RVC_001.tbl,WASP-72,18,1.1476354970639215,2.21673,181.3,0.0,0.0,True,1,train
UID_0302520_RVC_001.tbl,CoRoT-27,13,0.5808914098416206,3.57532,1326.0,0.065,0.0,True,1,test
UID_0302522_RVC_001.tbl,KELT-6,16,2.593818455549948,1276.0,65.7,0.21,268.7,True,2,train
UID_0302522_RVC_002.tbl,KELT-6,24,1.057988190780524,1276.0,65.7,0.21,268.7,True,2,train
UID_0302527_RVC_001.tbl,HAT-P-49,6,2.750853880580926,2.69155,188.7,0.0,0.0,True,1,train
UID_0302527_RVC_002.tbl,HAT-P-49,16,1.2708188016459936,2.69155,188.7,0.0,0.0,True,1,train
UID_0302539_RVC_001.tbl,CoRoT-25,28,0.8542397613321412,4.86069,29.0,0.0,0.0,True,1,train
UID_0302539_RVC_002.tbl,CoRoT-25,6,0.6596230009211598,4.86069,29.0,0.0,0.0,True,1,train
UID_0302540_RVC_001.tbl,CoRoT-26,24,0.8869380735381277,4.20474,61.0,0.0,0.0,True,1,train
