id,g,l,time_values,trajectory_values
0,9.81,3.5705833846166457,"0.0,0.5,1.0,1.5,2.0,2.5,3.0,3.5,4.0,4.5,5.0,5.5,6.0,6.5,7.0,7.5,8.0,8.5,9.0,9.5,10.0","0.4241724309828533,0.34926789135213115,0.03517801226726411,-0.4985943343430035,-0.5344965865026388,-0.3128722685953653,0.14083429198829467,0.5456517608395759,0.4584187187611699,0.2736642403297951,-0.30193251820453393,-0.7314636661473384,-0.45612665767864047,-0.14222492735330194,0.43077928935849386,0.6755176121859119,0.5193232650821485,-0.046480145325734724,-0.49996215154569207,-0.6058416816901775,-0.5154125452557693"
1,9.81,0.742194584610002,"0.0,0.5,1.0,1.5,2.0,2.5,3.0,3.5,4.0,4.5,5.0,5.5,6.0,6.5,7.0,7.5,8.0,8.5,9.0,9.5,10.0","0.6932681574034331,-0.3669816792361533,-0.432378278002224,0.5264775689311348,-0.32185825188366735,-0.04416451981667456,0.23925289508843073,-0.4737578174124019,0.05714883096319623,0.6908979828616589,-0.6588366416440473,0.3264212668529145,0.19066103651348815,-0.5209706558801162,0.5355526523705433,0.06911478961063483,-0.5533566672259778,0.6278939513397853,0.09556752758081843,-0.5395215582981348,0.7688428686117657"
2,9.81,1.4916194274767511,"0.0,0.5,1.0,1.5,2.0,2.5,3.0,3.5,4.0,4.5,5.0,5.5,6.0,6.5,7.0,7.5,8.0,8.5,9.0,9.5,10.0","0.5168001195321894,0.06055326897640924,-0.6292274029231159,-0.37588583241414397,0.4085955782570031,0.38123884837117206,-0.18967286596560598,-0.9346187775513278,-0.2067463695983628,0.43516852327695354,0.23161773301403582,-0.5534753278125504,-0.7428803340958443,0.1438186359410238,0.5552846717797786,0.1940971006756176,-0.6958965131354509,-0.4073033474812018,0.5242018790213812,0.5712309994479821,-0.21615285049944835"
3,9.81,1.3296731481440136,"0.0,0.5,1.0,1.5,2.0,2.5,3.0,3.5,4.0,4.5,5.0,5.5,6.0,6.5,7.0,7.5,8.0,8.5,9.0,9.5,10.0","0.6402927511524334,0.17433058890200376,-0.3565721856695402,-0.04849956479367981,0.4668047820988616,0.3946109490228313,-0.39530877092680394,-0.503633653068385,0.34148028846834705,0.5391666025026326,-0.3794514119105479,-0.8663919609254191,0.15196345302617784,0.55873251790386,0.07592792248441277,-0.8892509015046565,-0.4004912140498722,0.3963304766599232,0.3153588811118587,-0.6336107303645309,-0.5430723375829525"
4,9.81,1.2915765548826366,"0.0,0.5,1.0,1.5,2.0,2.5,3.0,3.5,4.0,4.5,5.0,5.5,6.0,6.5,7.0,7.5,8.0,8.5,9.0,9.5,10.0","0.5685789297579059,-0.11197379111656061,-0.5820689916505839,-0.15118288718022674,0.48722766655998223,0.3551426801606653,-0.4236377609577199,-0.4838448302596659,0.4647302424710989,0.17629047191107072,-0.3853255478066377,-0.5663788559134185,0.236035281165526,0.6850879712065779,-0.05450229555401846,-0.834491463327467,-0.053608078819425795,0.6246775463599392,0.16744094307562699,-0.5937064804531001,-0.25870499144102577"
5,9.81,4.154425279950981,"0.0,0.5,1.0,1.5,2.0,2.5,3.0,3.5,4.0,4.5,5.0,5.5,6.0,6.5,7.0,7.5,8.0,8.5,9.0,9.5,10.0","0.6880746275725018,0.2094883345577398,0.01569617111901528,-0.3364240678187304,-0.5435958801099439,-0.47406942294479126,0.10691470122090307,0.46852705192023925,0.5794693037263295,0.5293707125267567,0.15587491011022794,-0.2789995028237661,-0.528862323583195,-0.58604344790871,-0.3557420518118413,0.3185980398669942,0.5417419747380672,0.6251158935718214,0.17305038998021566,-0.2971857449853114,-0.5759991290814223"
6,9.81,4.6550524911217535,"0.0,0.5,1.0,1.5,2.0,2.5,3.0,3.5,4.0,4.5,5.0,5.5,6.0,6.5,7.0,7.5,8.0,8.5,9.0,9.5,10.0","0.588122385096977,0.3197233949655718,0.027875898029300704,-0.43743513843999543,-0.5784694782744526,-0.5794072018367095,-0.2151922821276632,0.21169162503886485,0.5034934334018386,0.651138585635132,0.44908752433630605,0.06749112325545949,-0.4252103814478441,-0.685235527449462,-0.43624574344356515,0.2103617313507767,0.2448531316157609,0.33798589808093416,0.46719560177314123,0.17908215977222028,-0.10638001564108163"
7,9.81,1.7445847900869782,"0.0,0.5,1.0,1.5,2.0,2.5,3.0,3.5,4.0,4.5,5.0,5.5,6.0,6.5,7.0,7.5,8.0,8.5,9.0,9.5,10.0","0.7070887863679585,0.5150995612163856,-0.638348233371688,-0.3840913417511419,0.20555736149972803,0.7749417397152245,0.21671753847621889,-0.465449168333395,-0.6365626372371841,0.07936474853239735,0.5981340721093759,0.40487629292184363,-0.5234031727125222,-0.655911632783289,-0.19196775889006082,0.5049958868617931,0.4555384351195408,-0.41761672215887624,-0.28144590760767585,-0.1326650267155366,0.6097299189822403"
8,9.81,4.188895527168509,"0.0,0.5,1.0,1.5,2.0,2.5,3.0,3.5,4.0,4.5,5.0,5.5,6.0,6.5,7.0,7.5,8.0,8.5,9.0,9.5,10.0","0.5996914226197839,0.5033456616741225,0.019648451705424147,-0.4382427475510102,-0.49084199062095957,-0.4233255094177002,-0.07808247374136157,0.4833972093315846,0.6154793002705664,0.5300427976890706,0.17970782789993098,-0.5019950989547362,-0.7160030641395425,-0.544093116079579,0.018299527029919854,0.35945773430774125,0.5656950145834189,0.1294036470420903,0.3739039590157813,-0.24621003504427819,-0.4816826082178167"
9,9.81,4.504517119000337,"0.0,0.5,1.0,1.5,2.0,2.5,3.0,3.5,4.0,4.5,5.0,5.5,6.0,6.5,7.0,7.5,8.0,8.5,9.0,9.5,10.0","0.6841389146901479,0.4928725888962844,-0.0530427289018716,-0.49350025494981065,-0.5952719602901633,-0.5719554916768212,-0.1962900852406829,0.13205399974699364,0.5478383740285112,0.5899060116582244,0.09415709201628647,-0.12669447976748566,-0.4679124958924273,-0.6701717764102295,-0.6396023161999564,0.01937984933080636,0.4719561683238364,0.6533643109235372,0.4213480830972935,0.2632065347424464,-0.421239637186338"
10,9.81,2.8083670485328933,"0.0,0.5,1.0,1.5,2.0,2.5,3.0,3.5,4.0,4.5,5.0,5.5,6.0,6.5,7.0,7.5,8.0,8.5,9.0,9.5,10.0","0.4909714706030601,0.38841045367172705,-0.4075804777516431,-0.7144281896056021,-0.30878666134746635,0.16029684492314822,0.38019496914918716,0.4387391539115607,0.20897959116008646,-0.33657229604087585,-0.625761049250962,-0.35009781349725755,0.35480898985762716,0.8805481324370541,0.5429244111860294,-0.008432656313868588,-0.5460239791617145,-0.7369937632901705,-0.2715721708053105,0.4004254469941257,0.6533863650559978"
11,9.81,1.6023407048095841,"0.0,0.5,1.0,1.5,2.0,2.5,3.0,3.5,4.0,4.5,5.0,5.5,6.0,6.5,7.0,7.5,8.0,8.5,9.0,9.5,10.0","0.7720864743621512,0.23240098267293227,-0.5249694460358648,-0.4654265232962414,0.30235066187307813,0.44079910480456586,0.11212481585155272,-0.7237216100127183,-0.49279439953865883,0.4235171132993791,0.4116890536572337,-0.18957718486540653,-0.7651140347267674,-0.28085696591121545,0.44376399385449117,0.5994105453687029,-0.24796444518499094,-0.736869390118649,-0.10310488026429881,0.5244399731981003,0.46647097414967487"
12,9.81,4.209087182438351,"0.0,0.5,1.0,1.5,2.0,2.5,3.0,3.5,4.0,4.5,5.0,5.5,6.0,6.5,7.0,7.5,8.0,8.5,9.0,9.5,10.0","0.5945354272620401,0.4096131241057657,0.009741434566543326,-0.5007400649742748,-0.377365673642083,-0.5649422645391026,-0.1649338894189593,0.4358579135112177,0.7158604359045013,0.8185681616058132,0.2179491049634654,-0.3425017219105751,-0.7855280284094291,-0.4790657019112727,-0.35719540706258546,0.34920126423092296,0.401992254458575,0.6823149572373397,0.27383030978397094,-0.16800185072300475,-0.3692540065496714"
13,9.81,1.4619333351879296,"0.0,0.5,1.0,1.5,2.0,2.5,3.0,3.5,4.0,4.5,5.0,5.5,6.0,6.5,7.0,7.5,8.0,8.5,9.0,9.5,10.0","0.6480235495586774,0.09713200974458697,-0.5284888681004953,-0.2347965007718715,0.5214812721326908,0.34999905182265983,-0.26161566601219954,-0.4948278169061362,0.13568445434268822,0.577882592599401,0.3281432668657626,-0.3809257513314811,-0.6105289412211721,0.333787817822071,0.45487020755736784,0.08248828039787987,-0.9393199099138152,-0.2558985196189645,0.593392516685426,0.462535044934982,-0.4600928799232485"
14,9.81,3.8366017350561936,"0.0,0.5,1.0,1.5,2.0,2.5,3.0,3.5,4.0,4.5,5.0,5.5,6.0,6.5,7.0,7.5,8.0,8.5,9.0,9.5,10.0","0.49519907815455544,0.3501559055289021,-0.032465585191839036,-0.5304137541253295,-0.6224833234215612,-0.5516969264909216,0.06844805773831962,0.3929596417356854,0.4291754259807098,0.712264158219174,-0.014265770574312067,-0.5690891509217402,-0.6729316384678544,-0.3579076353125652,0.2541224416683741,0.2676529393821915,0.47552471534753876,0.34625109793028447,-0.3899594864128175,-0.7847519342573499,-0.559839069531014"
15,9.81,3.3347309206535636,"0.0,0.5,1.0,1.5,2.0,2.5,3.0,3.5,4.0,4.5,5.0,5.5,6.0,6.5,7.0,7.5,8.0,8.5,9.0,9.5,10.0","0.5310346975257889,0.15716141720860666,-0.21659146995775386,-0.6468059262113752,-0.6570797396043158,-0.17040971420394968,0.2947831039902638,0.6843951194660653,0.2759932250995768,-0.03265920863359456,-0.35531298401821276,-0.5798344083903569,-0.2974508854944641,0.04192489362703582,0.45921992624111047,0.5925358468902301,0.07833233143084381,-0.3282380421750244,-0.6404062095555069,-0.3542337876415462,-0.10317620373662614"
16,9.81,4.673332663363252,"0.0,0.5,1.0,1.5,2.0,2.5,3.0,3.5,4.0,4.5,5.0,5.5,6.0,6.5,7.0,7.5,8.0,8.5,9.0,9.5,10.0","0.5424789781460205,0.3640752551033809,0.04961010609981152,-0.5279040301926232,-0.5623016405788263,-0.4675919975349079,-0.20492399114882776,0.10710346182164127,0.4495986948098376,0.63935613116921,0.47160633062260626,-0.07008564820437219,-0.5034146334237195,-0.5795933651580941,-0.45896493395246474,0.11268305060451783,0.2523844961637063,0.6714286344766859,0.7005748712662592,0.1614373481428661,-0.1333506221741532"
17,9.81,1.5435868487288846,"0.0,0.5,1.0,1.5,2.0,2.5,3.0,3.5,4.0,4.5,5.0,5.5,6.0,6.5,7.0,7.5,8.0,8.5,9.0,9.5,10.0","0.6097521065799612,0.21901856665125796,-0.6467207004994255,-0.34183863943427073,0.31073294348572433,0.4928136823447063,-0.06035319925469146,-0.9678254562297633,-0.3683422815945792,0.21941203869925519,0.5533580146508127,-0.23195416994218315,-0.7868957374923353,-0.15518706371949825,0.6518183078072024,0.31690084865180423,-0.423247716675497,-0.5931659378462072,0.053441875921671725,0.6106297489925607,0.16523633064267929"
18,9.81,4.0960630787903725,"0.0,0.5,1.0,1.5,2.0,2.5,3.0,3.5,4.0,4.5,5.0,5.5,6.0,6.5,7.0,7.5,8.0,8.5,9.0,9.5,10.0","0.54275035225033,0.5680569278718659,0.012433666984465328,-0.4401653249205275,-0.6360166307869284,-0.5997215461475003,-0.05772765886746893,0.49643999798176897,0.6462469543137511,0.39830876515917507,0.095094360961678,-0.4153849652338811,-0.53295248902292,-0.6188748012335861,0.0034693472019327043,0.3412237781362685,0.6046414791495931,0.3756270588074655,0.1953229356479586,-0.2563161817845079,-0.5656215407935764"
19,9.81,2.831742665837214,"0.0,0.5,1.0,1.5,2.0,2.5,3.0,3.5,4.0,4.5,5.0,5.5,6.0,6.5,7.0,7.5,8.0,8.5,9.0,9.5,10.0","0.6924440091349383,0.1759076828794565,-0.21221286792613694,-0.5719633357327574,-0.425790605819036,0.0659007466889317,0.34267315315050606,0.5728435591698138,0.24300415624215704,-0.41372977484639717,-0.6404180360831565,-0.3707064767283003,0.12008288163825863,0.6344137068701642,0.6112936535309333,0.17005492195765914,-0.5905627668507408,-0.8197949941909501,-0.1302228972271195,0.3973278328280469,0.7094968442683102"
20,9.81,1.5420003116768037,"0.0,0.5,1.0,1.5,2.0,2.5,3.0,3.5,4.0,4.5,5.0,5.5,6.0,6.5,7.0,7.5,8.0,8.5,9.0,9.5,10.0","0.6081622628277978,0.21657842814362688,-0.5961097197137263,-0.405154804802914,0.31434616204346455,0.39270664264834887,0.03220766244019024,-0.5265783444718648,-0.376967260945809,0.5029203311172329,0.1944421056118536,-0.27598105718599164,-0.8341266440458814,-0.17939913118593723,0.44010079144372904,0.35623655551386985,-0.46188329325078537,-0.61694121661278,0.13984674449160361,0.5914570993216438,0.09195500681040475"
21,9.81,1.2465679695833505,"0.0,0.5,1.0,1.5,2.0,2.5,3.0,3.5,4.0,4.5,5.0,5.5,6.0,6.5,7.0,7.5,8.0,8.5,9.0,9.5,10.0","0.6390396619764038,-0.010119058722989294,-0.7010838729701705,-0.06594554300863764,0.6179044026401681,0.23247667156436488,-0.6510333952668967,-0.22500349450208654,0.7074087064539395,0.4118780486134275,-0.6421613424849197,-0.45051557611487886,0.4384136126870835,0.5934522850073417,-0.3360128386271442,-0.5000511848639446,0.3413964005946821,0.4895323086752018,-0.37993152421584575,-0.690064011473921,0.2140760414508604"
22,9.81,2.7400503582400724,"0.0,0.5,1.0,1.5,2.0,2.5,3.0,3.5,4.0,4.5,5.0,5.5,6.0,6.5,7.0,7.5,8.0,8.5,9.0,9.5,10.0","0.4569121033112059,0.44916948360987746,-0.7971638541443851,-0.7339043585259337,-0.4002521855633868,0.062043774251615044,0.512130993003055,0.5369225175507975,0.08875265888772955,-0.4413920117354257,-0.597093123229925,-0.3079086646584816,0.09984018743626699,0.6613278966730114,0.3680745175691151,-0.1885714207105838,-0.627982167274777,-0.5691492552355912,-0.00711842015523511,0.5073594340074957,0.6507439981216718"
23,9.81,3.1222608827689395,"0.0,0.5,1.0,1.5,2.0,2.5,3.0,3.5,4.0,4.5,5.0,5.5,6.0,6.5,7.0,7.5,8.0,8.5,9.0,9.5,10.0","0.6520973629144113,0.48540089330303576,-0.1060418080387893,-0.7204556288562091,-0.3877773365205981,-0.15097026338941538,0.2778538256187689,0.4833067194561349,0.2828164586298765,-0.42270428985626785,-0.5289981787575873,-0.6361413218869669,-0.12527868728436534,0.1995490360917388,0.6659742025753418,0.2775413523294451,-0.215331115355094,-0.6806906196063713,-0.6545420922580295,-0.12592232514801446,0.31592650697879726"
24,9.81,1.3295209434281587,"0.0,0.5,1.0,1.5,2.0,2.5,3.0,3.5,4.0,4.5,5.0,5.5,6.0,6.5,7.0,7.5,8.0,8.5,9.0,9.5,10.0","0.5258162202423811,0.24671095505275165,-0.6170937069487289,-0.19595664728918155,0.5362421735931749,0.3830308168877542,-0.40808257288931166,-0.4934613764172334,0.31814035073744684,0.0743956805166347,-0.23572905628641128,-0.39934659451800814,0.10379037077972272,0.4907264403988698,0.015615863202192104,-0.7485386385772969,-0.2415233876251407,0.5312399366460303,0.41724323699398097,-0.47980561772723196,-0.6936170796075488"
25,9.81,0.567027125421045,"0.0,0.5,1.0,1.5,2.0,2.5,3.0,3.5,4.0,4.5,5.0,5.5,6.0,6.5,7.0,7.5,8.0,8.5,9.0,9.5,10.0","0.5549342363248526,-0.6734632981008017,0.8504798022299255,-0.5464639648819878,0.8491310697847553,-0.8431649956244449,0.35905772964823635,-0.9942307669486626,0.4569197159284479,-0.6612439466529506,0.6191801424791503,-0.435722350287559,1.0611044677707289,-0.6726648296537958,0.7786265746962631,-1.0513643505575803,0.5035951980619247,-0.6494989138027835,0.45852044616093357,-0.722620016699573,0.842007278491034"
26,9.81,2.6200995300070735,"0.0,0.5,1.0,1.5,2.0,2.5,3.0,3.5,4.0,4.5,5.0,5.5,6.0,6.5,7.0,7.5,8.0,8.5,9.0,9.5,10.0","0.74627158982999,0.3779933649661785,-0.38215478475457465,-0.5523806454441587,-0.4169176209049703,0.06646735755759449,0.7318383371208357,0.5538826081444724,0.08981605241967824,-0.4688638756871548,-0.5680015821456137,-0.12413184409167231,0.20731239296653262,0.792894402213977,0.26397322103435333,-0.3178381471486114,-0.6317720466105785,-0.32198421051284926,0.17293599372032337,0.7447038210808886,0.2340504976639114"
27,9.81,3.7770949768246775,"0.0,0.5,1.0,1.5,2.0,2.5,3.0,3.5,4.0,4.5,5.0,5.5,6.0,6.5,7.0,7.5,8.0,8.5,9.0,9.5,10.0","0.6116600293665391,0.7252789116399133,0.11266221201360369,-0.39586793034860995,-0.6395741603276806,-0.7467418619553342,0.09438725009645572,0.5561382807603581,0.6951153107866133,0.5304998656372825,-0.2272012033689284,-0.6918609278562822,-0.6188943749710613,-0.2550073780570102,0.1562238471807747,0.509933918018601,0.5422335511013849,0.1292432950083939,-0.3467294378832459,-0.4878565410132232,-0.5945006895105505"
28,9.81,4.633702212980944,"0.0,0.5,1.0,1.5,2.0,2.5,3.0,3.5,4.0,4.5,5.0,5.5,6.0,6.5,7.0,7.5,8.0,8.5,9.0,9.5,10.0","0.4415955767608017,0.3255384723640254,-0.07944541414269213,-0.29640854338746814,-0.748048120165542,-0.4336551548397049,-0.2063546764399645,0.24547675437626826,0.5624989706928953,0.5500650518322429,0.42992332886035095,-0.027123350045497693,-0.2371297609825876,-0.722111671551895,-0.41663586815429604,0.028972962073146674,0.2095934758815722,0.6375371405690395,0.6962369792210178,0.3082586087679064,-0.17324227387273833"
29,9.81,3.314903025809588,"0.0,0.5,1.0,1.5,2.0,2.5,3.0,3.5,4.0,4.5,5.0,5.5,6.0,6.5,7.0,7.5,8.0,8.5,9.0,9.5,10.0","0.577215297698832,0.30307306212612134,-0.17248779580327073,-0.547653896427768,-0.6036547918877236,-0.20254427701977515,0.30191677018884533,0.3759605598204466,0.47135183697501354,0.03156732657348473,-0.4219641118783738,-0.5864222272316538,-0.41941177824299686,0.2464809344737044,0.5366189865818419,0.48388102523003923,0.0962506431475763,-0.3509691887366642,-0.7043887913542795,-0.36557643964504116,-0.15065099613796534"
30,9.81,4.62705157646421,"0.0,0.5,1.0,1.5,2.0,2.5,3.0,3.5,4.0,4.5,5.0,5.5,6.0,6.5,7.0,7.5,8.0,8.5,9.0,9.5,10.0","0.6646030660731583,0.4381849932948307,0.05734951419649975,-0.32119981337356285,-0.6571942014664837,-0.5749728090562737,-0.2126904572730092,0.2927984390341719,0.4447280761037504,0.6054581519113256,0.49873675413182234,-0.1265566315400135,-0.23090012388875925,-0.7320285274703927,-0.4374747151055301,-0.14835761485722349,0.2619068116698788,0.5549536706782484,0.6994461222546942,0.09399211365950391,-0.48326458557355234"
31,9.81,4.391106129921987,"0.0,0.5,1.0,1.5,2.0,2.5,3.0,3.5,4.0,4.5,5.0,5.5,6.0,6.5,7.0,7.5,8.0,8.5,9.0,9.5,10.0","0.7584646347435262,0.4265259947549572,0.10942665766804482,-0.493482741431992,-0.536532694035606,-0.6080623891303455,-0.13296145117825955,0.4200377590214518,0.5742272687223122,0.5835421095327368,0.24036185147969585,-0.22408835122758863,-0.7865811916546342,-0.5130915322442703,-0.2467510960536347,0.125984879744151,0.3328004862394002,0.4417167769383877,0.4791254119767555,0.018982719294232633,-0.4929101691373554"
32,9.81,1.4816429296249458,"0.0,0.5,1.0,1.5,2.0,2.5,3.0,3.5,4.0,4.5,5.0,5.5,6.0,6.5,7.0,7.5,8.0,8.5,9.0,9.5,10.0","0.6604326178710331,0.11699116236471238,-0.6374658675242416,-0.334318502955236,0.5144729566514157,-0.03692851313848311,-0.08275324129506628,-0.6218305378199693,0.06580077707983109,0.4615555145833825,0.32973319699770914,-0.42394010667019993,-0.7707945786844724,0.08660460507485415,0.6064890213679206,0.2193566199179089,-0.9523553582065392,-0.3736199397090795,0.5408917468637584,0.5586716783306584,-0.31480568566278755"
33,9.81,4.397573438322093,"0.0,0.5,1.0,1.5,2.0,2.5,3.0,3.5,4.0,4.5,5.0,5.5,6.0,6.5,7.0,7.5,8.0,8.5,9.0,9.5,10.0","0.6444026913843293,0.4890899903851761,0.0073433804232255345,-0.4933325045926772,-0.5816073358728863,-0.5470819466900007,-0.06673754636942622,0.6392447038531557,0.784229703073725,0.4585325784643276,0.0178408405153635,-0.16420851611203585,-0.6385019567244915,-0.703761626811139,-0.2104222095369886,0.11766707585306249,0.5703265635312916,0.6046274705126262,0.43444531739150594,-0.020551522552602217,-0.5060997943995001"
34,9.81,3.788383713670642,"0.0,0.5,1.0,1.5,2.0,2.5,3.0,3.5,4.0,4.5,5.0,5.5,6.0,6.5,7.0,7.5,8.0,8.5,9.0,9.5,10.0","0.6169094148928684,0.3826361762216296,0.039494386987593444,-0.3651883075413903,-0.6331952745861507,-0.500377484024184,0.036368081710926405,0.4906857342229478,0.7287474879444636,0.5318520205656614,-0.19245022182924454,-0.5045525855196894,-0.6949025528143316,-0.1460099958829975,-0.025981886090713252,0.33860364592542425,0.3612762870246533,0.3114350034594793,-0.32687882676432545,-0.6767864455679978,-0.6093775112115171"
35,9.81,1.7503938063451752,"0.0,0.5,1.0,1.5,2.0,2.5,3.0,3.5,4.0,4.5,5.0,5.5,6.0,6.5,7.0,7.5,8.0,8.5,9.0,9.5,10.0","0.8421668389598816,0.4308526786997598,-0.7242942610605339,-0.5498967583858357,0.2729568985369816,0.433113413933806,0.34668508475854076,-0.5128231945954913,-0.5830990346465204,-0.0685258403177895,0.6957086622483035,0.2752669303462209,-0.27186719249790786,-0.6998225651979306,-0.06834265511998233,0.6922571573133047,0.36159012402020285,-0.25619263362488376,-0.5162163605426817,-0.10088306014584052,0.6631040541215303"
36,9.81,4.086695989325591,"0.0,0.5,1.0,1.5,2.0,2.5,3.0,3.5,4.0,4.5,5.0,5.5,6.0,6.5,7.0,7.5,8.0,8.5,9.0,9.5,10.0","0.5710966759368594,0.34866382597983614,0.056120175601446116,-0.4299888870302365,-0.5475510666640072,-0.5002796256488286,-0.12518068897084514,0.4011749287701601,0.826597465487217,0.3404401608621968,0.0409379812205355,-0.5403103553662902,-0.6784371090769522,-0.5653237971421256,-0.1777985716165722,0.4601371458317794,0.6899705940974392,0.5724471539002519,0.1487448277610668,-0.24176409134705173,-0.7850736096960462"
37,9.81,4.393497707796814,"0.0,0.5,1.0,1.5,2.0,2.5,3.0,3.5,4.0,4.5,5.0,5.5,6.0,6.5,7.0,7.5,8.0,8.5,9.0,9.5,10.0","0.526727369232413,0.5345401305383268,0.015136517643964786,-0.3580096052419637,-0.5860489738028647,-0.726661855190729,0.010804720255941896,0.39341692851852567,0.700796698600134,0.5572131244435646,0.24840182112554393,-0.20622975470758825,-0.6216162178411448,-0.5946416324163197,-0.18413563846931075,0.13621654238733177,0.7983539070964396,0.6795684285109759,0.3226076140343592,0.14217234454565608,-0.5341244320688517"
38,9.81,1.8474705303685577,"0.0,0.5,1.0,1.5,2.0,2.5,3.0,3.5,4.0,4.5,5.0,5.5,6.0,6.5,7.0,7.5,8.0,8.5,9.0,9.5,10.0","0.7703765362331191,0.35061837220070513,-0.18969566183048997,-0.5501446194913564,-0.095216352079149,0.5990633731605797,0.3699642321595375,-0.2486897475576024,-0.6031787957158843,-0.1622467846230406,0.5697188130431396,0.6165176643289559,0.07383370743743078,-0.6057529004170376,-0.14157767639017274,0.28707383965933014,0.629305485921872,0.13312114515701434,-0.6391333991301116,-0.5144550912430336,0.10178150011822852"
39,9.81,2.8716893781363364,"0.0,0.5,1.0,1.5,2.0,2.5,3.0,3.5,4.0,4.5,5.0,5.5,6.0,6.5,7.0,7.5,8.0,8.5,9.0,9.5,10.0","0.8461270753687169,0.34820891643362323,-0.12018554953860965,-0.6928242734761543,-0.4453234643059615,0.18589863395260567,0.4553796881986367,0.7298733099125182,0.26811565798432446,-0.4261807455386398,-0.6766297468698146,-0.3845574505977667,0.13947308956893906,0.5402136718889162,0.5320348559186899,0.12074182440209558,-0.6590118051533284,-0.6928223549950525,-0.19701748642517175,0.23631841865966868,0.6156604832332763"
40,9.81,0.8216906298052861,"0.0,0.5,1.0,1.5,2.0,2.5,3.0,3.5,4.0,4.5,5.0,5.5,6.0,6.5,7.0,7.5,8.0,8.5,9.0,9.5,10.0","0.6633003407277738,-0.17889816513233203,-0.3639326119207931,0.8651700184424213,-0.10890787719403197,-0.3747880343450453,0.5224552175278289,0.035569672727647314,-0.6182355167538114,0.6404395083957216,0.10820444589360072,-0.5981119516770421,0.32160829717308836,0.23391321622017966,-0.562543388982718,-0.05604893378831469,0.417657811228916,-0.5486937202764669,0.11601415016572805,0.36681638295498015,-0.4607057669729236"
41,9.81,3.124572845679761,"0.0,0.5,1.0,1.5,2.0,2.5,3.0,3.5,4.0,4.5,5.0,5.5,6.0,6.5,7.0,7.5,8.0,8.5,9.0,9.5,10.0","0.9416586241520053,0.5646061337979705,-0.2422916120725777,-0.5638687397003234,-0.393571620617297,-0.19885057544625243,0.3378425578466321,0.5306269380849158,0.5363872510925812,-0.48619077285289986,-0.5352552278032302,-0.6315869300237515,-0.20136582747394183,0.3915150397704707,0.5557167072781694,0.46685404932183405,-0.08574206653020494,-0.4663253054199046,-0.5569054515854529,-0.11632931321441985,0.5243560550243995"
42,9.81,1.570578798333279,"0.0,0.5,1.0,1.5,2.0,2.5,3.0,3.5,4.0,4.5,5.0,5.5,6.0,6.5,7.0,7.5,8.0,8.5,9.0,9.5,10.0","0.8004236006843621,0.2204061520929943,-0.5903565301276793,-0.46007894689552004,0.47735083510185183,0.5006753714925023,-0.14474553401504453,-0.7591669447499738,-0.5945959321694858,0.4555016989505777,0.5500790638295551,-0.07713102856665867,-0.7588847435119536,-0.20805082627299526,0.582495218015944,0.5103616513461723,-0.3422983292959285,-0.665365605787789,0.030124755380398723,0.5720306387537933,0.26938587422664895"
43,9.81,3.942336407466418,"0.0,0.5,1.0,1.5,2.0,2.5,3.0,3.5,4.0,4.5,5.0,5.5,6.0,6.5,7.0,7.5,8.0,8.5,9.0,9.5,10.0","0.46162063963089756,0.47425101405846215,0.08385162136441489,-0.43613205228094626,-0.5037941859371846,-0.5587037623359683,0.040567885993211816,0.4515651345813584,0.5903839016955015,0.6356805304165236,0.01736117680036879,-0.27184372857867445,-0.7027442491845254,-0.47114303835353444,0.01931364104004285,0.5116253988281978,0.5315574756343633,0.5245497633115245,0.1921822340557244,-0.2817689476866061,-0.4569364858544084"
44,9.81,1.2813423627893115,"0.0,0.5,1.0,1.5,2.0,2.5,3.0,3.5,4.0,4.5,5.0,5.5,6.0,6.5,7.0,7.5,8.0,8.5,9.0,9.5,10.0","0.7042958095027372,0.07841717302685251,-0.5832014837297315,-0.025038932874291736,0.5100300351069915,0.294037091590363,-0.4904653449476468,-0.3069061577943196,0.4740204130434699,0.26068181477926666,-0.5503335970333686,-0.5250072482633594,0.22998174920174305,0.6580113957568631,-0.08388697016259629,-0.6854398167455166,-0.021312938918876756,0.563953765088289,0.014850092130675091,-0.6675399020229522,-0.1872988415500631"
45,9.81,1.907340153128451,"0.0,0.5,1.0,1.5,2.0,2.5,3.0,3.5,4.0,4.5,5.0,5.5,6.0,6.5,7.0,7.5,8.0,8.5,9.0,9.5,10.0","0.645444078674246,0.344137799456789,-0.42934087994812764,-0.6746307592585946,0.03373760918181537,0.6599644119778991,0.5612547322435764,-0.36089321297497234,-0.8138686141691072,-0.2734719808156822,0.20209037411234781,0.629902500795158,0.17532433200637132,-0.5989725199105529,-0.41875104618290593,0.06668303493148536,0.6461343264336705,0.4669711703741702,-0.5639723537153674,-0.7679586982892563,-0.11775906998786492"
46,9.81,0.5651351455553013,"0.0,0.5,1.0,1.5,2.0,2.5,3.0,3.5,4.0,4.5,5.0,5.5,6.0,6.5,7.0,7.5,8.0,8.5,9.0,9.5,10.0","0.6257495909182276,-0.6600496914120494,0.8035549666202482,-0.4622757243819018,0.8986107156215372,-0.6069556702440111,0.5150561743893785,-0.7297774204000578,0.615958656406186,-0.6914569538012476,0.668290831319665,-0.722983087628299,0.7476620534961462,-0.6368417148521742,0.7778438447984556,-0.7885567343017386,0.6039397491260002,-0.7349452439171064,0.8032679645320319,-0.64392243886441,0.7898602735676666"
47,9.81,0.6464836472296522,"0.0,0.5,1.0,1.5,2.0,2.5,3.0,3.5,4.0,4.5,5.0,5.5,6.0,6.5,7.0,7.5,8.0,8.5,9.0,9.5,10.0","0.5677410353450045,-0.43019968210938,0.06643259419578842,0.5030020696846735,-0.2907158973953027,0.5933421236229726,-0.4167792465462636,0.2319780988320689,0.1933114800310194,-0.5797719579777058,0.6740352243114842,-0.27514121924121016,0.11351613846357116,0.29203802478868945,-0.5125244061396882,0.4974337175142307,-0.3385212828301979,0.1523086720355141,0.2850548967634152,-0.4635764050694038,0.5365044803125998"
48,9.81,2.7351582880790324,"0.0,0.5,1.0,1.5,2.0,2.5,3.0,3.5,4.0,4.5,5.0,5.5,6.0,6.5,7.0,7.5,8.0,8.5,9.0,9.5,10.0","0.6971841299201602,0.4180942535052685,-0.24704881139663853,-0.635014919335356,-0.24972748942926165,0.10956307451818244,0.49733029412554225,0.5031857159204429,0.08701150238814204,-0.5343193435972851,-0.725198469038539,-0.2542777162363498,0.0747183713990075,0.7098053984046933,0.3766297490282628,-0.23669691287174113,-0.7052358481027706,-0.6029807958650356,0.10413485498420616,0.4827588443963111,0.5427047742562613"
49,9.81,2.6074064049195926,"0.0,0.5,1.0,1.5,2.0,2.5,3.0,3.5,4.0,4.5,5.0,5.5,6.0,6.5,7.0,7.5,8.0,8.5,9.0,9.5,10.0","0.554283626951282,0.3296873476210411,-0.20613873499226226,-0.7150014086769199,-0.07279627826840634,0.09772152251615876,0.6395222602507707,0.5226240576899139,0.09568952570010819,-0.5947107163193776,-0.640652451176339,-0.13722440170066863,0.5711670583995957,0.885528118318199,0.20912967169180768,-0.6233618949477205,-0.6835204513930204,-0.3221012891303087,0.298296711074477,0.5342179284286793,0.3463844343510123"
50,9.81,1.0746064530161497,"0.0,0.5,1.0,1.5,2.0,2.5,3.0,3.5,4.0,4.5,5.0,5.5,6.0,6.5,7.0,7.5,8.0,8.5,9.0,9.5,10.0","0.7222788347476611,0.051976162323725136,-0.5230704889749449,-0.049341959092724375,0.5043064147718074,-0.2272180878942444,-0.5138635209320389,0.35980278991084513,0.43772410793083333,-0.49957567715110945,-0.389808215454745,0.4293469286267588,0.36526559659367325,-0.5083644601719388,-0.14786632185992143,0.7315402923034362,0.19917178339232056,-0.649007554684595,0.24631241092467737,0.22796266377926244,-0.08930306641272918"
51,9.81,1.6590312720928573,"0.0,0.5,1.0,1.5,2.0,2.5,3.0,3.5,4.0,4.5,5.0,5.5,6.0,6.5,7.0,7.5,8.0,8.5,9.0,9.5,10.0","0.7679444856416615,0.4069803119497334,-0.7032131250158893,-0.4725169564366646,0.1466488041331741,0.6149878249403863,0.011064115299665417,-0.624797917833529,-0.4740011040531151,0.2305243277156083,0.7021454193934717,0.11602166644295088,-0.7089349958466956,-0.40585992783552377,0.18304404467103408,0.7123422844326253,0.15296021203578786,-0.5951909194471067,-0.5293456677371731,0.38012715835887095,0.5229308135825015"
52,9.81,0.5143149918199023,"0.0,0.5,1.0,1.5,2.0,2.5,3.0,3.5,4.0,4.5,5.0,5.5,6.0,6.5,7.0,7.5,8.0,8.5,9.0,9.5,10.0","0.6173460920887437,-0.7810317324877898,1.289993665409013,-1.2769642540263995,1.176586881189185,-0.5510223637667151,0.45759906204218237,-0.7341575576470623,1.3057255365169513,-1.0920677445504205,0.5619773821559642,-0.4904619548109833,0.9573716033289048,-1.0645722272114788,1.1304269886453482,-0.5119326300816158,0.7914844908993441,-0.7628814978517758,1.247099453288747,-1.2377041036355763,0.7923533030054105"
53,9.81,2.214804865171186,"0.0,0.5,1.0,1.5,2.0,2.5,3.0,3.5,4.0,4.5,5.0,5.5,6.0,6.5,7.0,7.5,8.0,8.5,9.0,9.5,10.0","0.577944993747304,0.3413861390175433,-0.37256559712294746,-0.4884465225580069,-0.30202682749670984,-0.19453609716418763,0.4632501404722831,0.21054426783765948,-0.5021750776155465,-0.6959141418323262,-0.1368457801432685,0.4730223575209145,0.6806585663689325,-0.028685483791195482,-0.7414586552099982,-0.46621282901420835,-0.10255820847701144,0.5174327879702122,0.5822846008759538,0.1089330613177685,-0.76563959069976"
54,9.81,3.0914288781663495,"0.0,0.5,1.0,1.5,2.0,2.5,3.0,3.5,4.0,4.5,5.0,5.5,6.0,6.5,7.0,7.5,8.0,8.5,9.0,9.5,10.0","0.7672130110073699,0.2623989765033907,-0.23795558211085208,-0.6200249946351222,-0.33095418482051175,-0.08610369568524871,0.4047172738534247,0.7247620957285894,0.3309584402569898,-0.22505115085928354,-0.4877829045053515,-0.5613093354478527,-0.06944331503740879,0.4854487202190644,0.7966185566822223,0.45788512521896363,-0.2507081428071106,-0.5086168715958908,-0.5075451507458498,-0.1279419596850305,0.35090356848117654"
55,9.81,2.4228444707732755,"0.0,0.5,1.0,1.5,2.0,2.5,3.0,3.5,4.0,4.5,5.0,5.5,6.0,6.5,7.0,7.5,8.0,8.5,9.0,9.5,10.0","0.5534721883760221,0.19804469416959497,-0.31887245197539943,-0.5814146008001092,-0.3348348154871619,0.2374209561739332,0.6425622138442917,0.25931971737162296,-0.4470378987354265,-0.7004464704544541,-0.5815529646627369,0.1755030718999773,0.5758439225968928,0.5301340448904117,-0.15175138314624065,-0.5288657587928313,-0.34965866263135303,-0.04721698787707537,0.6987486700757288,0.5027145442393977,0.14213742694897627"
56,9.81,4.257960562888563,"0.0,0.5,1.0,1.5,2.0,2.5,3.0,3.5,4.0,4.5,5.0,5.5,6.0,6.5,7.0,7.5,8.0,8.5,9.0,9.5,10.0","0.7290971968919229,0.25103719627471466,0.003835473621114624,-0.4147996716046284,-0.6882977675234916,-0.464491283971287,-0.3789082995654982,0.3549497527307335,0.6323249612130063,0.7525652270846448,0.2029392671851824,-0.27510863522705664,-0.5041703677798073,-0.4976555001489389,-0.15709999937183977,0.04489307249984706,0.46515983592233817,0.6084669567094176,0.17696572555112908,-0.19317763592081905,-0.3938503387785892"
57,9.81,3.274210631345854,"0.0,0.5,1.0,1.5,2.0,2.5,3.0,3.5,4.0,4.5,5.0,5.5,6.0,6.5,7.0,7.5,8.0,8.5,9.0,9.5,10.0","0.6889920154221711,0.2361475266913468,-0.19643937271721096,-0.4940956253694612,-0.627439867066342,-0.24383918742576488,0.39367780189019447,0.8898390939508494,0.2682907628741703,0.026874748414212404,-0.4099696584850785,-0.6741741788254011,-0.2786647105512846,0.2602508979963526,0.6649290896997954,0.4554791032627208,-0.02713794630886185,-0.4674030885550698,-0.4759710191474176,-0.5199088133666891,-0.006309573470051483"
58,9.81,1.6973776040507365,"0.0,0.5,1.0,1.5,2.0,2.5,3.0,3.5,4.0,4.5,5.0,5.5,6.0,6.5,7.0,7.5,8.0,8.5,9.0,9.5,10.0","0.6736980632881666,0.16206505214292555,-0.7767989800889945,-0.5749550532727515,0.2779345603428584,0.7896241541616491,0.14898722391964508,-0.3935918947912248,-0.5547179637248446,0.41855112631403263,0.6588081283253531,0.17778024205300594,-0.22493758737694264,-0.5213190893214987,0.38880372652092765,0.6298803509836535,0.29615066512692706,-0.4715143723126553,-0.6482484084711405,0.1742691595945415,0.706336201195974"
59,9.81,4.149599500931374,"0.0,0.5,1.0,1.5,2.0,2.5,3.0,3.5,4.0,4.5,5.0,5.5,6.0,6.5,7.0,7.5,8.0,8.5,9.0,9.5,10.0","0.5945470554846759,0.5035394032010401,0.2299632281515628,-0.34108909075213883,-0.6610856472749487,-0.39602156754872,-0.11053398266518316,0.38559256854890767,0.5363819154188907,0.5425422907660717,-0.001735875707628426,-0.3888331919665301,-0.6086367404438029,-0.6110568208942931,-0.3413695421875349,0.3199517804934855,0.6961995427594466,0.6965182069373779,0.2566781482815139,-0.29407147099714315,-0.42058653658375306"
60,9.81,2.7476903763635776,"0.0,0.5,1.0,1.5,2.0,2.5,3.0,3.5,4.0,4.5,5.0,5.5,6.0,6.5,7.0,7.5,8.0,8.5,9.0,9.5,10.0","0.6943204627357732,0.4933943236394377,-0.18098142759917382,-0.5622699603938076,-0.4257026752568999,-0.0017434058290523927,0.38725328978180884,0.6115049116224467,0.07412510590189385,-0.459153298857136,-0.6151028446637754,-0.29826345723434783,0.16157596633479193,0.6208465811546828,0.37902558094959193,-0.11378605049192689,-0.572212376251115,-0.45041760664465613,0.043196548453628705,0.33058954710162525,0.6574997481549611"
61,9.81,3.914646444517405,"0.0,0.5,1.0,1.5,2.0,2.5,3.0,3.5,4.0,4.5,5.0,5.5,6.0,6.5,7.0,7.5,8.0,8.5,9.0,9.5,10.0","0.4531517582450669,0.5136094396075763,0.07884959108197487,-0.5058600614443463,-0.520448937074009,-0.2943640806983045,0.09295962255357959,0.38213726545875937,0.6640031752349436,0.35765911288783414,-0.08485983173133103,-0.2716885603700674,-0.657148767542752,-0.28102795113464785,0.08430964500638286,0.4739001241093721,0.5699461938973761,0.4374950937662186,-0.19493627738283933,-0.4761263684335656,-0.31876424882748966"
62,9.81,3.047400888470235,"0.0,0.5,1.0,1.5,2.0,2.5,3.0,3.5,4.0,4.5,5.0,5.5,6.0,6.5,7.0,7.5,8.0,8.5,9.0,9.5,10.0","0.736636395831494,0.3513537024147156,-0.08155080350557585,-0.6609750025471758,-0.6379892073619947,-0.10797607283445353,0.3916008312373133,0.4568179144933736,0.4191907634465954,-0.0859792014549719,-0.6645890361486538,-0.6163163475343395,-0.02978949695584411,0.4422602638725133,0.6928253319550001,0.16565633479721434,-0.18004954983505106,-0.5072149258053221,-0.47701865966750734,0.07297084712711491,0.5741527118077833"
63,9.81,2.468481627007666,"0.0,0.5,1.0,1.5,2.0,2.5,3.0,3.5,4.0,4.5,5.0,5.5,6.0,6.5,7.0,7.5,8.0,8.5,9.0,9.5,10.0","0.5822269803326489,0.2498463009518967,-0.2469821934151611,-0.42753107676463986,-0.3790669923601329,0.22853049892897792,0.5349644430378528,0.45091278015924563,-0.3848213190271278,-0.48098769173600053,-0.42911138668117,0.1388935211326078,0.5844659066297835,0.4766509113187085,-0.07590176847729965,-0.7208932700589687,-0.8814918040844582,-0.05843279224899044,0.4422360841483203,0.5141031161399565,-0.0480931101519111"
64,9.81,2.282694999878405,"0.0,0.5,1.0,1.5,2.0,2.5,3.0,3.5,4.0,4.5,5.0,5.5,6.0,6.5,7.0,7.5,8.0,8.5,9.0,9.5,10.0","0.5756011495758196,0.4803914772613447,-0.346780035650766,-0.6612567554588755,-0.3323743164203723,0.39392585299617283,0.5969984757240729,0.2815287951486137,-0.364049057236547,-0.6950025936722842,-0.3427027604374459,0.20248349959265885,0.8591995101112682,0.17512754970884967,-0.4815814595543842,-0.5659052661254103,-0.07486075348193177,0.421327454359584,0.7251547795709525,0.21276555998920538,-0.5158162841298767"
65,9.81,0.6000587956394547,"0.0,0.5,1.0,1.5,2.0,2.5,3.0,3.5,4.0,4.5,5.0,5.5,6.0,6.5,7.0,7.5,8.0,8.5,9.0,9.5,10.0","0.6671196813804521,-0.6254733093799043,0.4393531333996373,-0.11833655893071574,0.33781514571647864,-0.030844913191236886,0.026906236240855724,0.2743121023977204,-0.47259631924553275,0.37592390473470744,-0.4782726935110221,0.4857912894606625,-0.5523424649278172,0.4107043947536497,-0.08843974471290292,0.01288729580915425,-0.11084392137686779,-0.25338010215653833,0.34276635733908944,-0.4281861495926932,0.5556734921987633"
66,9.81,2.6120785467558316,"0.0,0.5,1.0,1.5,2.0,2.5,3.0,3.5,4.0,4.5,5.0,5.5,6.0,6.5,7.0,7.5,8.0,8.5,9.0,9.5,10.0","0.6483994422933854,0.40092322867421476,-0.20432187189201356,-0.6893651925921565,-0.3686197879764873,0.11876936373572661,0.45787770909907965,0.4085260495256887,-0.049837725644479566,-0.5348122349483158,-0.5863127688044507,-0.17638890962914217,0.5542484771771669,0.5980474026825799,0.24988250541558504,-0.3793343575476026,-0.6809036323570598,-0.3482200238273907,0.17695637904845135,0.7906960231447173,0.21553764093439234"
67,9.81,3.3060128097114756,"0.0,0.5,1.0,1.5,2.0,2.5,3.0,3.5,4.0,4.5,5.0,5.5,6.0,6.5,7.0,7.5,8.0,8.5,9.0,9.5,10.0","0.6135115388596875,0.5543176447803152,-0.1543796166174835,-0.6307000342892513,-0.651138717625419,-0.22188088826154664,0.21313429812730914,0.9064353404597802,0.214014878487846,0.10294044929926427,-0.5516152629419718,-0.569814343047543,-0.2596957503544273,0.24148439481290812,0.6276874436280467,0.4205066492883094,0.1255066181432722,-0.18580083278310636,-0.7404082604189524,-0.5255918027736298,0.1416289165825112"
68,9.81,4.757510394548339,"0.0,0.5,1.0,1.5,2.0,2.5,3.0,3.5,4.0,4.5,5.0,5.5,6.0,6.5,7.0,7.5,8.0,8.5,9.0,9.5,10.0","0.6300131019982006,0.30452833270469265,0.09440440123765474,-0.4328656332697901,-0.6002386325050851,-0.5916413400503502,-0.2301583055980465,0.2688026458317354,0.6470341764980074,0.5870894518487854,0.3112794716773651,0.06775655154747591,-0.7956296608562934,-0.6837513319309292,-0.594920100396748,-0.0563724758684378,0.14507212439181744,0.655656095055287,0.5973670155243552,0.2842547461553687,0.01920028484741347"
69,9.81,2.4589673607446905,"0.0,0.5,1.0,1.5,2.0,2.5,3.0,3.5,4.0,4.5,5.0,5.5,6.0,6.5,7.0,7.5,8.0,8.5,9.0,9.5,10.0","0.5560770491745672,0.3726270632048148,-0.35219776274512415,-0.6762402708021041,-0.17605807092522696,0.2555036687427394,0.503136054156233,0.39954102857071133,-0.34255541344736573,-0.543965430733335,-0.40807124986762205,0.1470010225196587,0.6147833964066073,0.5035962241546008,-0.0451329011763108,-0.5496506365666106,-0.5609218672874937,0.02781269535368451,0.799281544792851,0.5814059231455363,0.027354631420047282"
70,9.81,2.685386313859987,"0.0,0.5,1.0,1.5,2.0,2.5,3.0,3.5,4.0,4.5,5.0,5.5,6.0,6.5,7.0,7.5,8.0,8.5,9.0,9.5,10.0","0.7266489524705837,0.2616254057610944,-0.14645315865902975,-0.5750950222508938,-0.45115380762041457,0.19691554663459734,0.6087570668571669,0.6013842983119498,0.10243689659426161,-0.36629590506859366,-0.49061956252048217,-0.2525247158227422,0.38228201204875745,0.47697167514605027,0.2867323405276463,-0.3854471074930995,-0.6284213034949212,-0.49086334585882935,0.21229668254503792,0.5363389006621285,0.46950923842882175"
71,9.81,2.8360181479077298,"0.0,0.5,1.0,1.5,2.0,2.5,3.0,3.5,4.0,4.5,5.0,5.5,6.0,6.5,7.0,7.5,8.0,8.5,9.0,9.5,10.0","0.6149112389442524,0.4566283003981788,-0.19277093502777531,-0.5741360912713608,-0.3321844508244982,0.2655195346155652,0.3638892191613153,0.5967842523446845,0.24525150782517954,-0.43544254580310776,-0.5559313838217333,-0.315467153371054,0.29102404537336224,0.5994981906038885,0.3818280549450588,-0.1300617312868464,-0.5869645645316873,-0.5669406473403802,-0.13248650159042508,0.553269406580977,0.6770560679360452"
72,9.81,2.3386594099645217,"0.0,0.5,1.0,1.5,2.0,2.5,3.0,3.5,4.0,4.5,5.0,5.5,6.0,6.5,7.0,7.5,8.0,8.5,9.0,9.5,10.0","0.625551730702733,0.328357114732972,-0.3656063440810226,-0.7015095191343698,-0.23973861872345692,0.35846085516341686,0.5890208430371134,0.3140485668980315,-0.37533084646949977,-0.5219171040120737,-0.28265694250872414,0.3486753174758954,0.9353772350751912,0.3082682100260413,-0.44953932886844217,-0.6723367840260102,-0.3991521684733579,0.3695051057443708,0.6173085076716551,0.30809916061894904,-0.5105649220195321"
73,9.81,3.1045807348306127,"0.0,0.5,1.0,1.5,2.0,2.5,3.0,3.5,4.0,4.5,5.0,5.5,6.0,6.5,7.0,7.5,8.0,8.5,9.0,9.5,10.0","0.6446336927864178,0.5235436611284016,0.02872666290462697,-0.6764060859110012,-0.6770159677858301,-0.06864747594705572,0.28120941201908217,0.5512926662087971,0.15090776150406562,-0.06717079888585444,-0.5499818110651291,-0.5620849923552017,-0.13326982839652007,0.3284743898086651,0.6023746358031967,0.43798471510698034,-0.22481439672656112,-0.470974225110562,-0.582194909125269,-0.13865122431696456,0.499508139860227"
74,9.81,0.8165780297407639,"0.0,0.5,1.0,1.5,2.0,2.5,3.0,3.5,4.0,4.5,5.0,5.5,6.0,6.5,7.0,7.5,8.0,8.5,9.0,9.5,10.0","0.6923066368053185,-0.22144174439409167,-0.3309178124281943,0.5069938104795508,-0.039905954994005774,-0.6022780985772086,0.1653051716890661,0.01182578856387509,-0.6167004206979239,0.5271307773425034,-0.20704148890283497,-0.4912046086161901,0.46610692997798087,0.33777200600581525,-0.5741250340076399,0.08822572368357343,0.45552556897121815,-0.5934782089222641,0.21930021065496028,0.47827478623906294,-0.5402995799803705"
75,9.81,2.697727240414508,"0.0,0.5,1.0,1.5,2.0,2.5,3.0,3.5,4.0,4.5,5.0,5.5,6.0,6.5,7.0,7.5,8.0,8.5,9.0,9.5,10.0","0.6513530325981692,0.16982222870961444,-0.11429605848781288,-0.6858395607643536,-0.39728423131669777,0.14130106412662463,0.5383903221968047,0.49326901117096184,0.02450960731238224,-0.33258299998747387,-0.5527095743159883,-0.2802775925129971,0.3219889108799177,0.5789938527486307,0.33524159546318116,-0.37099196505957255,-0.6265800683461802,-0.46756466029321414,0.14721480602711992,0.5976305576949198,0.5112579343497128"
76,9.81,3.2456517273577954,"0.0,0.5,1.0,1.5,2.0,2.5,3.0,3.5,4.0,4.5,5.0,5.5,6.0,6.5,7.0,7.5,8.0,8.5,9.0,9.5,10.0","0.668292104629149,0.537739411118725,-0.2125430489893354,-0.5430162922718723,-0.6201533684867802,-0.23470732312919065,0.3723365199871788,0.5801446580220803,0.15041886143974942,0.013149455748274867,-0.6718594984239562,-0.574067022007827,-0.3270706313929683,0.3775171437359101,0.36793584098190685,0.6796258255579931,0.21657802928875267,-0.31029432598323015,-0.6890590725071802,-0.6924804921358325,-0.0019039770878087614"
77,9.81,3.8474559829384543,"0.0,0.5,1.0,1.5,2.0,2.5,3.0,3.5,4.0,4.5,5.0,5.5,6.0,6.5,7.0,7.5,8.0,8.5,9.0,9.5,10.0","0.611223701799863,0.38263193832191195,-0.02197116965466056,-0.4979974067568814,-0.505653942454855,-0.41161215806463564,0.016865866320635484,0.32567958801303193,0.5255194971168687,0.4119836568326356,-0.040681200198261755,-0.6675465612628466,-0.6171083842129038,-0.39383350059496325,0.2101395601343607,0.3383188309829351,0.5447370876934405,0.3947776930490096,-0.19949384943130172,-0.5193184042118303,-0.4930564716653316"
78,9.81,2.43423644195411,"0.0,0.5,1.0,1.5,2.0,2.5,3.0,3.5,4.0,4.5,5.0,5.5,6.0,6.5,7.0,7.5,8.0,8.5,9.0,9.5,10.0","0.7238049683097258,0.20052682640224448,-0.4638454370562025,-0.6501766043306344,-0.2025090727694178,0.28794327043109536,0.5531495220648217,0.42764566275064253,-0.2472725159505662,-0.4160986495683814,-0.3515233503632403,0.20986255855081323,0.5953553011831878,0.5089199967060676,-0.17254323791781911,-0.6018769535904027,-0.2334740220299299,-0.0657738264606102,0.4919711396936122,0.4519027013157981,0.040727395049600934"
79,9.81,1.8626095972507295,"0.0,0.5,1.0,1.5,2.0,2.5,3.0,3.5,4.0,4.5,5.0,5.5,6.0,6.5,7.0,7.5,8.0,8.5,9.0,9.5,10.0","0.7887863656731444,0.17840345215493336,-0.5447673879882294,-0.5790497531408015,-0.09535562643993911,0.7368836010682314,0.47437420889994314,-0.2609162660901017,-0.5484627663466224,-0.2614193918449848,0.28298903049395585,0.6400381225201004,0.11273296141735009,-0.7049970964154965,-0.3233099002466303,0.36586040437598455,0.6104896515022592,0.2508540194555906,-0.43997162485891866,-0.4593991370845344,0.1598379845279419"
80,9.81,0.5265051499286137,"0.0,0.5,1.0,1.5,2.0,2.5,3.0,3.5,4.0,4.5,5.0,5.5,6.0,6.5,7.0,7.5,8.0,8.5,9.0,9.5,10.0","0.5113783138398827,-0.7670897870247678,1.1477077818518127,-0.966299163826929,0.8938134602266328,-0.2815317046238315,0.6257080670230729,-0.8369586533929373,1.0298586563798202,-1.1746891986657122,0.7618512649339596,-0.7195336512447491,0.433864118161733,-0.8226919199415134,1.1751218875756686,-0.9027104965743383,0.8598589286008849,-0.6319684719330061,0.8675495567725607,-1.0630909728887183,1.4160576510249965"
81,9.81,3.9041553656568073,"0.0,0.5,1.0,1.5,2.0,2.5,3.0,3.5,4.0,4.5,5.0,5.5,6.0,6.5,7.0,7.5,8.0,8.5,9.0,9.5,10.0","0.6886414188677463,0.4068496193974094,0.22546435307760723,-0.4152988101318293,-0.5731322948093731,-0.44848915490100993,0.03389798984462067,0.4991424722653398,0.4497492280405553,0.5166619217311231,-0.15193325195193713,-0.4921162931792489,-0.6524700657207633,-0.27198063488180974,0.18909458442018529,0.539746607840914,0.6205196269446589,0.36160336875685695,-0.11962806837854235,-0.7918724786247984,-0.25550908290594593"
82,9.81,0.849091865893594,"0.0,0.5,1.0,1.5,2.0,2.5,3.0,3.5,4.0,4.5,5.0,5.5,6.0,6.5,7.0,7.5,8.0,8.5,9.0,9.5,10.0","0.6251413003111106,-0.06755526164624556,-0.28300167714720526,0.642056140995888,0.07912443604172173,-0.697286194577867,0.3666849147011425,0.39279057637878434,-0.6777727818477903,0.42494769445251396,0.4284681879122725,-0.38028891634110046,-0.1341188159269246,0.6922791902715075,-0.31906875911457777,-0.23883390233972557,0.5581161186021877,0.03544888874072019,-0.5544342097203196,0.34894069513122683,0.051590766415907284"
83,9.81,2.704946169465112,"0.0,0.5,1.0,1.5,2.0,2.5,3.0,3.5,4.0,4.5,5.0,5.5,6.0,6.5,7.0,7.5,8.0,8.5,9.0,9.5,10.0","0.7810996627588971,0.2988371490019438,-0.07993940097229954,-0.5729213572792955,-0.4303760630080211,0.09771637346738782,0.37392210592962527,0.44262416004683264,0.04133954914489542,-0.31407861778003365,-0.6109123699338337,-0.3100609371104623,0.27185182525729923,0.6611337460923915,0.3647430193049931,-0.09325429933306573,-0.6380626572464405,-0.45505308534480426,0.14665556814021086,0.5440826853127746,0.6154129152149042"
84,9.81,1.8696249355210532,"0.0,0.5,1.0,1.5,2.0,2.5,3.0,3.5,4.0,4.5,5.0,5.5,6.0,6.5,7.0,7.5,8.0,8.5,9.0,9.5,10.0","0.7098496836890305,0.08491479472926308,-0.3659273283049039,-0.6381300827712475,-0.08290720548773144,0.6876562363313506,0.3124174707948492,-0.23548059058985316,-0.6875844399541554,-0.04881920540316054,0.6601219721576644,0.7107173865569966,0.21321820332827868,-0.6518974187534935,-0.34279637600911994,0.22187353020613895,0.6261938071150424,-0.048085459150290444,-0.3594248259857591,-0.6161776703586914,0.013893246216790639"
85,9.81,4.283699729793624,"0.0,0.5,1.0,1.5,2.0,2.5,3.0,3.5,4.0,4.5,5.0,5.5,6.0,6.5,7.0,7.5,8.0,8.5,9.0,9.5,10.0","0.5269255376329282,0.15857318667347509,-0.01634381867522021,-0.27007238917475185,-0.5960338823209351,-0.5001238267538658,-0.04261014667874703,0.27008858690219323,0.5855918215412732,0.39123611246457984,0.3437004107154186,-0.27683940786489636,-0.6437116507071419,-0.4245383785071125,-0.03045151328394316,0.2973467494720654,0.4416586758859964,0.5380389284627097,0.3692627427298951,0.032491178771859475,-0.7133998832509572"
86,9.81,4.777141380125379,"0.0,0.5,1.0,1.5,2.0,2.5,3.0,3.5,4.0,4.5,5.0,5.5,6.0,6.5,7.0,7.5,8.0,8.5,9.0,9.5,10.0","0.6012076548147693,0.3943304635820636,-0.020316767143418776,-0.42633134547016477,-0.6089342486243599,-0.7290986227368818,-0.23227502327501826,0.14703638358618848,0.6667865938933598,0.531854942209807,0.29075375455831465,0.17899999080004114,-0.3552083022943732,-0.6251032604567456,-0.5471902370548141,-0.22101733926377548,0.23449525783477376,0.22995491918533323,0.5694592296753981,0.312225629283815,0.032319251814661484"
87,9.81,1.9349356043047239,"0.0,0.5,1.0,1.5,2.0,2.5,3.0,3.5,4.0,4.5,5.0,5.5,6.0,6.5,7.0,7.5,8.0,8.5,9.0,9.5,10.0","0.6052042009224113,0.19856929544678095,-0.28050595848757237,-0.42135312652927853,-0.12433042001347552,0.6649319792281086,0.5587241501933007,-0.0004102878983984759,-0.6242749941203898,-0.2679361569142213,0.05758973528678557,0.7416539452793462,0.059869049946035896,-0.5007698771113935,-0.523233781225422,-0.03736009490189535,0.6144736434097801,0.4257011755227445,-0.14800724878613136,-0.8357970907722171,-0.3103072404488158"
88,9.81,4.539957300168159,"0.0,0.5,1.0,1.5,2.0,2.5,3.0,3.5,4.0,4.5,5.0,5.5,6.0,6.5,7.0,7.5,8.0,8.5,9.0,9.5,10.0","0.5733808776074588,0.46634740494933546,0.00029341328536114375,-0.42368535661629714,-0.6085727062988797,-0.6336570006934489,-0.15904633426089804,0.34600696262627395,0.39625496411671374,0.5841165990873006,0.3181322436942214,-0.03663805762001804,-0.6203482640528892,-0.7172841361384562,-0.4791008367999164,0.028382031154058858,0.426925617403861,0.6263423282944528,0.6965145875943182,0.3234481065612695,-0.27145375059141"
89,9.81,2.0188807277465397,"0.0,0.5,1.0,1.5,2.0,2.5,3.0,3.5,4.0,4.5,5.0,5.5,6.0,6.5,7.0,7.5,8.0,8.5,9.0,9.5,10.0","0.625187013816416,0.08708155551201707,-0.12238466597442016,-0.6569910722257593,-0.09624631271076775,0.5341221636990735,0.9160722489879759,0.012051962005638947,-0.6639311871793124,-0.34558997572474426,-0.1302606344549097,0.6214179818179156,0.565674410666129,-0.4465898109709316,-0.5906704924654645,-0.21379899980106015,0.5125422071802189,0.592164131786218,-0.005785069194665225,-0.3206633969784229,-0.6295514653892356"
90,9.81,4.154504497311094,"0.0,0.5,1.0,1.5,2.0,2.5,3.0,3.5,4.0,4.5,5.0,5.5,6.0,6.5,7.0,7.5,8.0,8.5,9.0,9.5,10.0","0.6793957256891705,0.27347791832998697,0.07218255213470763,-0.34160450680649457,-0.6264176879365585,-0.6248683937496677,0.14276645294211246,0.5108532589607688,0.6073700378666005,0.34130711212616227,0.025369519959415637,-0.4198405746302032,-0.46462471084970963,-0.550958370244413,-0.2829178919184418,0.2716410329437547,0.5356369428433871,0.5717315005607996,0.25396721713837894,-0.3105145616548006,-0.48624549542685364"
91,9.81,4.094796191266013,"0.0,0.5,1.0,1.5,2.0,2.5,3.0,3.5,4.0,4.5,5.0,5.5,6.0,6.5,7.0,7.5,8.0,8.5,9.0,9.5,10.0","0.7755374824718183,0.46225476320303716,0.07522089845916645,-0.420903134967672,-0.6411684433182852,-0.44691984722581285,-0.03503573534937636,0.37731943293400433,0.8226957011086601,0.4880836907711858,0.09781187840290932,-0.4714938074412015,-0.5959463051855255,-0.5184509062473899,-0.12786746246655603,0.446779688084327,0.7512622070192108,0.6833635777013692,0.1945272737439942,-0.30627518751976796,-0.4849606849195685"
92,9.81,3.4487832965498555,"0.0,0.5,1.0,1.5,2.0,2.5,3.0,3.5,4.0,4.5,5.0,5.5,6.0,6.5,7.0,7.5,8.0,8.5,9.0,9.5,10.0","0.5508973872245934,0.28950842819889744,-0.05940935938985083,-0.49705402195198356,-0.7120838863726016,-0.3817499232128203,0.1906984295545329,0.5192161410349259,0.32411898937948147,0.28142185703962275,-0.4557137144491483,-0.6237393502683934,-0.396461408316187,0.08400527523505384,0.4964968613705188,0.6845689542127043,0.6962745801803061,-0.14842302115129635,-0.7936142122673809,-0.583716949835266,-0.2704948573721643"
93,9.81,1.5291655464902243,"0.0,0.5,1.0,1.5,2.0,2.5,3.0,3.5,4.0,4.5,5.0,5.5,6.0,6.5,7.0,7.5,8.0,8.5,9.0,9.5,10.0","0.6404499494861302,0.2689740197586723,-0.5425379214874577,-0.28569080107937017,0.41431600016281567,0.3023715106163546,-0.007105896701913597,-0.5356947581074825,-0.2594231988242247,0.553732068780973,0.6192525801481603,-0.18667588478349945,-0.6515401474480157,-0.1524828676948987,0.5148329341563811,0.31193527454865233,-0.6386676050577622,-0.5483325102858334,0.26271542168973716,0.7805522031373462,0.06209341919981386"
94,9.81,1.1195350913402078,"0.0,0.5,1.0,1.5,2.0,2.5,3.0,3.5,4.0,4.5,5.0,5.5,6.0,6.5,7.0,7.5,8.0,8.5,9.0,9.5,10.0","0.6117543534973976,-0.04050990507127309,-0.8625543662953881,-0.025900717821398744,0.6831837501179382,-0.0995589950015694,-0.7057165703970356,0.12833661444826544,0.6085923864964006,-0.1393804808497593,-0.6335689992472475,0.37335188200428965,0.34204440318427853,-0.1296315727879847,-0.4570938391725358,0.2679957170243203,0.5335639955895293,-0.31279664617228925,-0.45371549041847664,0.4148528909624608,0.2631111209265603"
95,9.81,2.4096701251715507,"0.0,0.5,1.0,1.5,2.0,2.5,3.0,3.5,4.0,4.5,5.0,5.5,6.0,6.5,7.0,7.5,8.0,8.5,9.0,9.5,10.0","0.6602848288567695,0.1745718715425369,-0.2792073085775426,-0.5642064356652015,-0.35285665746396316,0.2855181194854811,0.6853260133550113,0.2990240294687368,-0.434131436889693,-0.6299597258548224,-0.1886862390589098,0.0786276800038492,0.5963744804502027,0.474184280447386,-0.25811879772280244,-0.6188354277158818,-0.4085654379532184,0.21554720638575936,0.543502866537292,0.4710594053557055,-0.408618629066304"
96,9.81,1.1819243885868809,"0.0,0.5,1.0,1.5,2.0,2.5,3.0,3.5,4.0,4.5,5.0,5.5,6.0,6.5,7.0,7.5,8.0,8.5,9.0,9.5,10.0","0.6029618446959127,-0.014093883904322833,-0.5326398345096534,0.050833518386589754,0.5592416339505746,0.08883809559350458,-0.6534550212882702,-0.04691910620330622,0.7170671795806193,0.28607947993649424,-0.7684677995251138,-0.3392885312992103,0.6605348183896631,0.30173037263596897,-0.8310278197759372,-0.4848148937257904,0.5349857493177803,0.449241970345021,-0.8024081167621676,-0.4630757314180022,0.6181348416119286"
97,9.81,4.429728269546232,"0.0,0.5,1.0,1.5,2.0,2.5,3.0,3.5,4.0,4.5,5.0,5.5,6.0,6.5,7.0,7.5,8.0,8.5,9.0,9.5,10.0","0.6263344541066129,0.4185533533510506,0.14598970069161737,-0.3966754593931686,-0.42877038113999366,-0.5329983229938821,-0.03117538171322523,0.504005448078264,0.28763092527620776,0.5599452577741849,0.28657601853310594,-0.15467460232303898,-0.4336664160796269,-0.5474509040518437,-0.2469286859446407,0.12582630742211748,0.41581515778385136,0.40768189000548105,0.36140647632186323,0.23031931234907127,-0.48595569518501264"
98,9.81,1.3060704086951067,"0.0,0.5,1.0,1.5,2.0,2.5,3.0,3.5,4.0,4.5,5.0,5.5,6.0,6.5,7.0,7.5,8.0,8.5,9.0,9.5,10.0","0.6646651329660253,0.15626576762519767,-0.6830835108374945,-0.16921906291750996,0.6319677401721546,0.33337800537937345,-0.47422178541553844,-0.31150735804455576,0.3971867785694488,0.45791274072935506,-0.3677113365794029,-0.5563975175995661,0.13793539369792943,0.6824511671722336,-0.07571535081034668,-0.670933479509129,-0.12932151663598263,0.6177873234909372,0.08937249056396313,-0.577188013460048,-0.33685865529327946"
99,9.81,0.6363259772554724,"0.0,0.5,1.0,1.5,2.0,2.5,3.0,3.5,4.0,4.5,5.0,5.5,6.0,6.5,7.0,7.5,8.0,8.5,9.0,9.5,10.0","0.5840576774627037,-0.48338713511205644,0.2475848002439361,-0.048825052421562015,-0.3261048974613509,0.5247817682584843,-0.6026459000963686,0.489313219057254,-0.15921509284674623,-0.35162301766708637,0.5688104594571654,-0.6493108771999252,0.6949769924061497,-0.34352169653357123,-0.21371019890192877,0.24156035231104217,-0.08125841309644799,0.7022638570304274,-0.337446053400179,-0.06878699191918969,0.549240866582033"
