id,g,l,target_l,feature_0,feature_1,feature_2,feature_3,feature_4,feature_5,feature_6,feature_7,feature_8,feature_9,feature_10,feature_11,feature_12,feature_13,feature_14,feature_15,feature_16,feature_17,feature_18,feature_19,feature_20,feature_21,feature_22,feature_23,feature_24,feature_25,feature_26,feature_27
0,9.81,3.5705833846166457,3.5705833846166457,-0.7925999694945575,-0.7409220539884329,-1.7789916127986771,4.478959372124949,0.7302089677004667,0.39980337332395793,0.048961420847965995,0.48555813262655717,0.04492127781354256,0.7704913759075938,0.0,0.2997036355590613,0.5344702577719701,-4.110143367797141,-0.6107366615797581,-0.5185459008318762,-0.27557751219618576,-0.44305843069803147,0.03541051290132703,-0.04126742370140518,-0.03774285569021703,0.19804308807289012,-0.04697924881193115,0.1227430053446972,0.6755176121859119,-0.7314636661473384,0.5730042167117958,-0.575596758534329
1,9.81,0.742194584610002,0.742194584610002,0.9092734587284066,0.5041829201444479,0.7869232593791948,0.5250829700071273,0.5931775424148439,1.721432227089811,1.691365832061295,3.303223207620195,-1.5408544487114664,-0.028365058167115875,0.0,0.5586616179714684,0.5670197854502613,0.3017648909653552,1.1343015309363693,0.43965013642090145,1.0613363878988704,4.5679376328197465,-1.6567735334374285,0.007075122274361384,0.04329873612992414,0.2209359869540392,0.003778735560416657,0.6474523098544982,0.7688428686117657,-0.6588366416440473,1.3083644269099004,-1.3497346245057062
2,9.81,1.4916194274767511,1.4916194274767511,-0.9292522631835057,1.219939098425214,0.3258065666215916,0.31056184988967556,0.12544919737238053,0.5935655796089244,0.6907012142187465,1.0073690166375742,0.7459435044694158,-0.05550588435442816,0.0,0.7395150382956,0.4696862253615648,1.23357836611369,4.428375978809164,-4.513018155862514,-1.5070175229271003,-0.7462391108978523,-0.5463464041674018,-0.08657007187633603,-0.04425010777064312,0.22844180701746816,-0.036647648501581885,0.3652556187099218,0.5712309994479821,-0.9346187775513278,0.9315052265025829,-0.8899936138110685
3,9.81,1.3296731481440136,1.3296731481440136,-0.9612835174630459,0.40012226253663163,-0.03352791381034992,-0.0847258865655241,-1.6104872460376416,5.814290754095411,0.5826697114087687,0.9512254345834664,0.42670272926484804,0.7267525058778928,0.0,-1.0139749348277283,-0.5317086196024396,0.09989980304458246,0.025674152970720315,-3.303332538054571,-0.02170070185532244,0.1382456036352718,-0.10297516370261159,-0.15629344078006668,-0.04577540559347836,0.2312593566930951,-0.059168254436769305,0.3710441090013485,0.6402927511524334,-0.8892509015046565,1.018355413951597,-0.9651788239890693
4,9.81,1.2915765548826366,1.2915765548826366,-0.7342142418114572,-0.04236864493646014,-0.4478250297541284,-0.3246116078088714,-0.8786768460483968,6.180035501618212,0.6630085035577559,-0.024342607427197377,0.8409093960066342,0.1345215389616201,0.0,0.03973323130494924,-0.1569302124595644,0.8242379353553729,-0.23782891935282074,-1.6303534306102059,0.2740156861517619,0.3802184293927196,-0.142278443571424,-0.14686031786660236,-0.03496258294340273,0.20143659827411656,-0.041364196059946595,0.35866441813282984,0.6850879712065779,-0.834491463327467,0.9485750727307648,-0.7799891677734486
5,9.81,4.154425279950981,4.154425279950981,0.43500053984310005,0.013279784351188373,-0.3655065879980049,1.0656924922998963,1.092039934721672,0.7233823832359084,0.8535759289355752,1.2085828497266191,0.6063520978529616,0.6662400057261267,0.0,0.26726134821803804,3.4490783365370827,-4.492652499819142,-1.72786779533698,-0.3864252303220219,-0.21740103731537475,-0.3579594213640237,-0.048015207197376064,-0.13885912368992548,0.020714311421099987,0.19412312738642878,-0.06320368783269621,0.11518144050553332,0.6880746275725018,-0.58604344790871,0.6743400916788356,-0.478586293014762
6,9.81,4.6550524911217535,4.6550524911217535,0.7945267236915103,0.4008950304073598,2.0780272866813365,0.0828122642263695,0.8154000978937267,-0.23057731703905154,0.45971477860630544,0.8612073909150313,0.35198524338733356,0.3326985287445379,0.0,0.8632388399081043,4.044764001457203,-3.4714791549948063,-0.6300787294769674,-0.47284215428183385,-0.9226031538490933,-0.2822545130325271,0.1795868987073092,0.09889074688415636,0.03783460589007192,0.17029141861799726,-0.03472512003690292,0.09796469739294025,0.651138585635132,-0.685235527449462,0.6466074747943419,-0.4927015047033036
7,9.81,1.7445847900869782,1.7445847900869782,0.7445827402413365,1.2682484540957395,0.7050699091202125,0.2787009519143344,6.42708409774291,-0.452985498239309,-0.009326403522849719,0.10654843712987339,0.33588259798512676,-0.4678144115063946,0.0,-0.29120385037047775,0.338236108658229,0.28128672780042363,2.2647140105479147,-0.7475528346443071,-0.7204906617379675,-0.5328229975668692,-0.1299742890458816,0.25297770235168626,0.03545632096387318,0.2371456784326564,-0.004867943369285898,0.33327820655311446,0.7749417397152245,-0.655911632783289,0.7423949456977769,-1.1534477945880734
8,9.81,4.188895527168509,4.188895527168509,0.45759590940245054,0.392116505068267,-0.24962884085728868,2.068935305660905,0.5697797593871594,0.22122315116459107,0.7950591955300216,0.7173534875994688,0.8063524066099258,0.7620661005423564,0.0,0.35131429135045733,3.1031058501116173,-4.669537569426939,-0.6492306997693964,-1.2678851828542417,-1.0493480833463795,-0.9311270121997303,0.16201658769335303,0.3574313517716582,0.021790281400116688,0.1955644173588516,-0.054068701541880024,0.13445485840763477,0.6154793002705664,-0.7160030641395425,0.5623926431094989,-0.6817029268546672
9,9.81,4.504517119000337,4.504517119000337,0.13454070093858106,1.200078048422252,1.341452029504365,0.02500027637611235,0.7404495799854398,0.9287100647517819,-0.010981272655163465,0.7683346835710363,0.5167231516977997,0.536777739639908,0.0,1.0489277747131962,4.357672473518904,-3.8169421752655017,-1.7480144847165795,-0.6818987291101852,-1.0806024989894498,-0.6929369037351931,-0.7298814075912805,-0.16345725916328147,0.00640670004469436,0.21516036568861502,-0.05526892759382429,0.1287055959005156,0.6841389146901479,-0.6701717764102295,0.6589821655307628,-0.6844461719287844
10,9.81,2.8083670485328933,2.8083670485328933,0.5934367718847329,0.031210945449385963,1.0510749278220926,5.826440311742887,-0.8283092519400912,0.45622215631335605,-0.6220429311174347,-0.45426321067604025,-0.07800388189119806,-0.3468931416155434,0.0,0.285745529281322,-0.2764514019489335,3.6840134988477473,0.09625628842051284,-0.4874819719041018,-0.5616203693875286,-0.48206121064898255,-0.04536403165527175,-0.031545833869972895,0.028258893899272983,0.23234565472300533,0.00812074472264688,0.19661506953531174,0.8805481324370541,-0.7369937632901705,0.7049068033548846,-0.7959909314233702
11,9.81,1.6023407048095841,1.6023407048095841,0.19865481313705063,1.5775725481496268,1.044036620483132,1.6259612998734487,3.2999803011690663,-0.9095318039286614,-0.0019625087891751575,0.7609128593231921,0.1255388226238482,-0.0008751939390646557,0.0,0.31415379574652513,0.32515068400508707,0.8507174898542775,4.871789517445948,-2.555561661446613,-0.9043611778613062,-0.7027917378312786,-0.4906693757711674,0.3326517981688495,0.009459753006526208,0.23420923773260394,-0.015280775010623809,0.3202314232699055,0.7720864743621512,-0.7651140347267674,0.9163115128380379,-0.8473749905536938
12,9.81,4.209087182438351,4.209087182438351,0.7999357784891972,0.29957381720284904,0.2720675569141358,1.066920130180417,0.5279555987938592,1.1386076201272302,0.8011540777984058,0.4774318808755274,0.04613619264823343,0.0881506707639319,0.0,0.4487037778632882,4.090465235346906,-4.991872462208534,-0.7508745262033879,-1.0229143984849833,-0.5718162485638525,-0.5776006167385691,0.21199086398938474,0.2452452592215909,0.03809217992805703,0.22526069651586889,-0.04818947169058559,0.15156942280978059,0.8185681616058132,-0.7855280284094291,0.7063966712935084,-0.6006190566423478
13,9.81,1.4619333351879296,1.4619333351879296,0.4189252106648096,0.3205607987460608,0.7779516816552734,0.201057181938014,-0.8948895689965806,1.2324029036880393,1.6002797040728727,0.982806141521807,0.9017918332937869,0.11743129939139019,0.0,-0.2964632583097412,0.6639573813564681,0.903727210170906,3.571279709683525,-4.382627447775398,-1.8602771555041604,-0.8606421811550378,-0.16176884891947174,-0.2848017270205965,0.01994881955546712,0.21389229548207325,-0.0554058214740963,0.35531986528045867,0.6480235495586774,-0.9393199099138152,0.9443167590432431,-1.0218081903116951
14,9.81,3.8366017350561936,3.8366017350561936,-1.2940508130215695,-0.970011486508999,-0.6479424765106513,3.0592706354321066,1.078252681247081,1.085312264833557,0.7579837809647837,0.5724144382431433,-0.35458569885474944,0.8277550555690463,0.0,0.19884196579914548,1.801250681132761,-5.1680378741793325,-0.872694526128615,-1.2961489595856408,0.6057282527941894,-0.10632485351986579,-0.48408960492806785,0.3030724902181251,-0.061621467286741394,0.2181669729671029,-0.05275190738427847,0.15366984852554075,0.712264158219174,-0.7847519342573499,0.6201449842292412,-0.7362105843431019
15,9.81,3.3347309206535636,3.3347309206535636,-1.2668180181432045,-0.8386216104607049,-0.9800547822924006,5.5707455106638495,0.9351816910979965,-0.2181189748203072,0.28916589354870437,0.33495613683861564,0.03478451941897645,0.6347717061744248,0.0,0.19260871649223008,0.5646329882472236,-1.4915028318102237,-0.28267761274166575,-0.055426724952719164,-0.06212971790525397,-0.22362848981948708,0.28646803689863426,-0.36784473847621124,-0.060324667530628796,0.16969846155518375,-0.03171054506312075,0.126253878427401,0.6843951194660653,-0.6570797396043158,0.4866700254003661,-0.5142035154593863
16,9.81,4.673332663363252,4.673332663363252,1.0142064960585544,0.8410073796848596,1.6223649171432126,-0.4490625178159803,0.66746531793237,0.2803155693413453,0.4960396635440426,0.6311723166019783,0.3075048654151503,0.11308087729584988,0.0,1.286070902910701,4.399882052660917,-3.3862037720087628,-1.0317494180058162,-1.4245871278212623,-0.6106731527718252,-0.15074700912599062,0.4260893398874293,0.03551482166442266,0.048295547431359755,0.18797102521282594,-0.03379148001600869,0.11006171758913408,0.7005748712662592,-0.5795933651580941,0.5716479845569826,-0.5775141362924348
17,9.81,1.5435868487288846,1.5435868487288846,-0.3724164382608152,1.3474793986414342,0.9575194845510661,0.7104166971013863,2.309272024117479,-0.6012644186439806,0.5932599027234251,0.20183715963749985,0.7116734648771219,-0.08936102714350275,0.0,0.6083304674082337,0.013510374000677783,1.1904546870563038,4.894322716330337,-3.5178660298608007,-1.1205633758799634,-0.5869866547345358,-1.0082408274021888,-0.5060302704468869,-0.017734116107657866,0.23211578265069766,-0.0222257887968641,0.3490447106011302,0.6518183078072024,-0.9678254562297633,0.8070053715267007,-0.907472256975072
18,9.81,4.0960630787903725,4.0960630787903725,0.15683448567535635,0.20107161756497538,-0.1971813922026146,2.0649066893280255,0.5933167891982176,0.2596304364332279,0.7948458239709514,0.5917232947365453,0.3490413635735453,0.7111391848824556,0.0,0.7753832352048706,2.992319269674489,-4.9161581806503465,-1.6086228973169094,-0.7298074702988002,-0.991188383788738,-0.6893355901127979,-0.3213681029992669,-0.1984885335708519,0.0074683088416836385,0.20456143483920797,-0.05541859465219532,0.12531728555479338,0.6462469543137511,-0.6360166307869284,0.6223441484355188,-0.5556232608874005
19,9.81,2.831742665837214,2.831742665837214,0.560041392954581,0.674427795873839,0.9420215705220544,6.102136130295482,-0.9916612253868474,-0.4210572679857676,0.09586994557940082,0.0339877406353416,0.4450383565776433,0.09000750407272665,0.0,0.22766058657178662,0.08725212128199908,3.0924827363192917,0.4736728410652865,-0.030552300239899688,-0.5750944840532429,0.08942551376596145,0.42331157401122405,0.1468249378245031,0.02666863775974195,0.22834289382955153,0.0008526417566685846,0.18933894917326843,0.7094968442683102,-0.8197949941909501,0.6895720969638306,-0.7606176888084
20,9.81,1.5420003116768037,1.5420003116768037,-0.39218167980192375,1.361689450018876,0.5779083834650868,1.284610376722293,1.7165225348711988,-0.532728760604232,0.45039970690177905,0.7962290012138102,0.1520558415948408,0.28697724057570717,0.0,-0.023547040218717535,0.815032653758921,0.927554484379534,4.265434605468284,-3.1728144259800954,-1.3371421699887174,-0.9441407564406614,-0.8279514083191312,0.32042824106639767,-0.018675318085805897,0.1899825084773979,-0.02581036280086966,0.2883279621718033,0.6081622628277978,-0.8341266440458814,0.8798875920630419,-0.8181198487646553
21,9.81,1.2465679695833505,1.2465679695833505,0.03365629741203843,-0.24857076572476344,-0.07991268885288072,0.6796487952876618,-0.04933772882624299,7.1205624299257355,-0.29923413351082806,-0.17827363482363406,0.10108677336727848,-0.12416115951774565,0.0,-0.17045031822735257,-0.17361251427393903,-0.09881249287809035,0.35339653036728175,1.047491323853314,-0.013474108447135917,0.14763677135994044,-0.10334580293015988,0.04399755062604316,0.0016026808291446806,0.239520100324857,-0.02124818102627716,0.45403041788477766,0.7074087064539395,-0.7010838729701705,0.9324122009560261,-1.0540393910983472
22,9.81,2.7400503582400724,2.7400503582400724,-0.27725789681188373,0.5383129514226959,0.9292465709412188,5.339938177690157,-0.5386133869048916,0.18366439390954226,0.3262817101690628,-0.3145254426590338,-0.17273244126095322,-0.7609089549443626,0.0,0.35520668161280783,1.1896239870082344,4.139384676324862,-0.3385470433613395,-0.7661597532469465,-0.5887264728998537,-0.8955210867337379,-0.584168244478325,-0.18747901585981752,-0.013202756991042067,0.2365323520373847,0.009691594740523312,0.21742963414329589,0.6613278966730114,-0.7971638541443851,0.5620308350803561,-1.2463333377542625
23,9.81,3.1222608827689395,3.1222608827689395,-1.1143873090601581,0.5451553175579371,0.18683299845556367,6.454336149312127,0.3777718204654317,-0.07154340311958723,0.17494836551238205,-0.5160385815582904,-0.2253171179112947,0.23273313701617854,0.0,-0.1321323533058642,-0.5345179606802821,0.2451778947484493,0.05193278210855662,-0.16156180102209247,-0.5912220536152559,-0.18996660217638,0.08174061465525512,-0.1314643685920344,-0.05306606233619798,0.19947639638379236,-0.0168085427967807,0.16863976265932273,0.6659742025753418,-0.7204556288562091,0.528619767110015,-0.7055207484861443
24,9.81,1.3295209434281587,1.3295209434281587,-0.870202632835154,0.10180009946004243,-0.37017952172537383,-0.8635045547777718,-0.6641769015355755,5.125541341572475,1.3326085328391033,0.088102791082971,0.8474468662253745,0.13389481295193528,0.0,-0.13316471700246874,-0.3405829944922243,0.6345703270070917,-0.6464424258686119,-2.8690891936146636,-1.115286329799262,-0.24698225653374817,-0.5013634186296276,-0.36081918075684905,-0.041438220611197805,0.18688994885834026,-0.060971664992496497,0.29455113913701736,0.5362421735931749,-0.7485386385772969,0.8116017271546803,-0.897048854721213
25,9.81,0.567027125421045,0.567027125421045,0.08311922836611296,0.6926954097844078,2.0899522552872303,-0.4295306705097762,0.24454565167715694,1.1954881114327436,0.5183890378673982,0.22025731253529263,-0.32940489534810435,1.0572371727129077,0.0,0.2762625733895586,-1.2820806032832617,0.8654952882066138,0.5182258859105451,1.1104691784872425,1.138203152459568,1.8106162967953918,1.335843283388277,3.1280308178255827,0.003958058493624438,0.5218400359627993,0.014353652108309078,1.9747675734209806,1.0611044677707289,-1.0513643505575803,1.5646272951906068,-1.8299909252538433
26,9.81,2.6200995300070735,2.6200995300070735,1.198094881418552,0.8538282737136563,1.0290757242815813,4.488720480257867,-1.0867522206007587,-0.10296366173996428,0.42890009758041187,0.17986602732735912,0.676924889099813,-0.0422220520166985,0.0,0.11483773612534565,0.9814178166262228,4.162482849275641,-1.6568867597480867,-1.1305399069932023,-0.356671334333998,-0.889188688583331,-0.9602139672767007,-0.21021842356316722,0.05705213721040722,0.22160010788904844,-0.02561105460830392,0.21441090088288992,0.792894402213977,-0.6317720466105785,0.6653709795632412,-0.7601481497207532
27,9.81,3.7770949768246775,3.7770949768246775,-0.3408580336820063,-0.06294102381988465,-0.47690340536057474,4.162313239909911,0.21569263120281126,0.6768924605474494,0.31023481618586346,0.7479129967149449,0.0341804085886816,0.3319585113220801,0.0,0.15675208499985083,1.6095780446788492,-5.576130967602044,-1.3024364028337596,-0.6330612527729871,-0.3736416094742551,-0.9992809708802757,-0.695865909634438,0.056081149206625325,-0.01623133493723839,0.2570804106221002,-0.060308035943854456,0.16317481777200177,0.7252789116399133,-0.7467418619553342,0.84112911205179,-0.7577010690062109
28,9.81,4.633702212980944,4.633702212980944,1.0955424878168807,0.5301597236370135,1.678106382273766,-0.5389892183786403,0.14289310245269196,-0.036355820495661884,0.4568379226991723,0.9176951397073428,0.3582345107247063,0.4809076722107358,0.0,1.15131338310763,4.588487365936609,-2.963689140682726,-1.375637449403619,-0.7441510056231058,-0.8511317070175854,0.018449113831904004,-0.010571165117816472,-0.88931833554457,0.05216868989604197,0.18120403284006042,-0.030741892531676994,0.11305215405543845,0.6962369792210178,-0.748048120165542,0.4518314308162328,-0.48498191056930745
29,9.81,3.314903025809588,3.314903025809588,-1.1014078515496066,-0.6698419548487125,-0.7259526311942752,5.648676064954942,0.5594389468256908,0.37443446196979574,0.04671785952410917,0.13539285627403885,0.5366003980658598,0.06959195564967385,0.0,0.11153087066181644,0.03548574421213957,-1.8410320192328966,0.02149048729249467,-0.52272678690341,0.01878594774460629,-0.07419544261184471,-0.5151771556897027,-0.19571321059249153,-0.05244799293093365,0.17255652371343397,-0.03639331469183987,0.12346152976684215,0.577215297698832,-0.7043887913542795,0.6658927127167013,-0.47556085792939207
30,9.81,4.62705157646421,4.62705157646421,0.6875182334030836,0.5794518846459749,1.9483365996667557,-0.5437738301016282,0.2450889672926962,0.3362993652368618,0.8866098603980592,1.2407798795683935,0.4638724969365984,1.1331486180083277,0.0,0.6837183947200163,4.075483160728224,-3.6406977362371853,-1.970226517463212,-1.2426855907827692,-0.7596312719853855,-0.6595942738705557,0.05008259146149624,-0.45506534893093864,0.032738963495384917,0.20718972375512196,-0.05739338258233555,0.13193388610458998,0.6994461222546942,-0.7320285274703927,0.5054888963071811,-0.6252933856718359
31,9.81,4.391106129921987,4.391106129921987,0.47673493402196543,0.7738979775674588,0.9085846546218193,1.0856871157207173,0.29007834361299173,0.27018835897176297,1.1917910197873074,0.5627700105874428,0.8363029368359436,0.7452839394706939,0.0,0.5590533880023136,3.9091876256593148,-4.316582917653904,-1.207775310872916,-1.3758822993128357,-0.7994216062376597,-0.7235866434277349,-0.10328861651362908,0.43615737246905223,0.022701663524855514,0.2080627706706409,-0.0625687401940441,0.1261324667485358,0.7584646347435262,-0.7865811916546342,0.5529992101997113,-0.6029093991000368
32,9.81,1.4816429296249458,1.4816429296249458,-0.3878124345628905,0.749952106624589,0.9103744592956483,0.7802889192423984,-0.5418865865335707,0.33753625338457977,2.0235980081458615,1.2354614817334078,0.33878964588902916,-0.35216185514036896,0.0,0.21664698570033403,0.9530433007665513,0.7377062479705367,4.110194796814668,-4.116470884154269,-1.8660610866504772,-0.9931215752782808,-0.7503912814702796,-0.012484847796777832,-0.01846725878870906,0.23305389784002248,-0.04876191517669104,0.4011989310295324,0.6604326178710331,-0.9523553582065392,0.9145116865728379,-1.171711978124448
33,9.81,4.397573438322093,4.397573438322093,0.8354453557260416,0.6128154863842099,0.09240891777051136,1.34654625866595,0.38174409441231244,0.5010601275047397,1.0872542664040656,0.26699080524692476,0.5754334008890061,0.9047649470187007,0.0,0.5635721136256391,4.342334863125338,-4.462848904061383,-2.0580014517688037,-0.5380261305565925,-1.2833880939802136,-0.3829508267121579,-0.5594751759035961,0.1662464010795266,0.03978311217743053,0.23167141588205825,-0.05752512428919147,0.13956648883629025,0.784229703073725,-0.703761626811139,0.7059822502225819,-0.5006758850159028
34,9.81,3.788383713670642,3.788383713670642,-0.8376928528768938,-0.5926043982236973,-0.5701870776401803,3.2878149536766683,0.35340582580751523,1.3464231354865763,0.6986820222247611,0.6239916404006967,0.6405534025842582,0.2179958711248784,0.0,-0.2539299235407004,1.822428149186896,-4.958821512020353,-1.3321852342644909,-0.7097367511717212,0.054885405253455366,-0.12710555090189332,-0.31416291777312577,0.06382279607691627,-0.039890135851280685,0.21003486042240763,-0.06131434630521927,0.12924541897341826,0.7287474879444636,-0.6949025528143316,0.5488925569313341,-0.7243022423949059
35,9.81,1.7503938063451752,1.7503938063451752,0.6617382868031346,0.952928466234699,0.8579429811046155,0.9440907132998935,6.652864008833249,-0.34600945372995595,0.35713775608729553,0.3810352505297014,-0.5512062951255559,-0.7185941504333287,0.0,0.3736320588781143,0.23784551366348586,0.3611919765405811,2.2819561420768206,-0.23312128306537308,-0.548894383735814,-0.6131665363299623,-0.09748519747735468,-0.345337213334709,0.03151134699062545,0.24814613445547934,-0.008953139241917568,0.3393217354158706,0.8421668389598816,-0.7242942610605339,0.8228536569228173,-1.1551469397602936
36,9.81,4.086695989325591,4.086695989325591,-0.13537686711016733,0.2691769073600253,-1.0824178804663482,1.6493107335302453,0.4856699352593124,0.835457886465328,0.5886041918327107,0.49790662152588644,1.0194202327711843,0.6104291240086931,0.0,0.7737772511759576,3.1908551344117795,-5.363455201763891,-1.4923512251052884,-0.6138176434568585,-1.0676103416579332,-0.5840525052497255,-0.09826563307388492,-0.48411051403704475,-0.00644651748143651,0.23705902988149757,-0.06780851428164528,0.14204711603587328,0.826597465487217,-0.7850736096960462,0.6379357174483515,-0.5812483365868257
37,9.81,4.393497707796814,4.393497707796814,1.2544880371944045,0.47570156671443126,0.22394853851797658,0.7671364971117759,0.45018691383535125,0.274179183824138,0.5938111114878303,0.23367130230855077,0.5203807084637168,0.5878386802888887,0.0,1.1493131654544522,4.061165085296528,-4.9096635848586345,-1.7189514961063537,-0.610283670249123,-0.49624490052992976,-1.032167667436612,-1.2167963480596766,-0.07909535597539846,0.059737525580685936,0.23095628674448448,-0.05304259006506325,0.15231450253655526,0.7983539070964396,-0.726661855190729,0.7374665754466709,-0.6762967766145078
38,9.81,1.8474705303685577,1.8474705303685577,0.7512836409420347,-0.1731686606528453,0.5003457293659622,0.18968932599978627,6.499974283351589,-0.07029692658555509,0.031338673431688155,-0.15105655210365393,0.028809561385868803,0.7337120730962116,0.0,0.03645252093559874,-0.6220256191128365,-0.3650716002866256,-0.8787155624166597,-0.159808439264739,0.09880934668446228,0.3728265075234098,-0.08150787479184904,-0.2438868585378874,0.03577541147343022,0.20294142971902293,-0.03342975180574452,0.25342472353311835,0.7703765362331191,-0.6391333991301116,0.7319655976661803,-0.7722545442871259
39,9.81,2.8716893781363364,2.8716893781363364,0.7234927486215119,0.8131023050101389,0.902682648046365,6.498673310563776,-0.5063361171859555,-0.14210169346437657,0.23935866912344908,0.006802383836877757,0.2118451897582638,0.27834499020175724,0.0,-0.42919034558024216,0.18848161336491281,2.8554650847106604,-0.417345566703084,-0.36332484721075453,-0.7239235325074467,0.28621704451245117,0.6257195004896836,0.007165020045321324,0.03445203564864341,0.24456251047552433,-0.01152332960677204,0.20173150936643314,0.8461270753687169,-0.6928242734761543,0.6312220982585671,-0.7797536295554239
40,9.81,0.8216906298052861,0.8216906298052861,0.4202830944144069,0.4882984437701766,0.303453020140634,-0.28568468834743177,-0.1492211900838855,0.2662749243235871,-0.7513130608669918,4.399266350759167,1.176509755560956,1.3039993876616809,0.0,-0.6222667039025405,-0.013226812045174258,0.08652615848869433,0.37617299319194236,0.48281768125346536,2.079241892616767,-3.811695180990873,-1.1626389002753312,-0.19424693798859327,0.020013480686400315,0.20221011345405215,-0.05620030538503488,0.5569392007756784,0.8651700184424213,-0.6182355167538114,1.2586750251495329,-0.9740778956364532
41,9.81,3.124572845679761,3.124572845679761,0.3712799136287224,1.0225626398979988,0.12901786845147706,6.919152525283023,0.505877832509022,0.6265422675011548,0.6366859243147301,-0.27860329725258093,0.3905692265939525,-0.6434704631092966,0.0,0.2677955976894134,-0.0587851880951577,0.037406766914212075,0.005165551512374522,0.37160168285601425,-0.4224258361077699,-0.24113983132489755,0.07418436879099516,-0.3852303100172746,0.017679995887082023,0.234250862776484,-0.020865128456380288,0.19859593803845824,0.9416586241520053,-0.6315869300237515,0.6406853682388194,-1.0225780239454811
42,9.81,1.570578798333279,1.570578798333279,0.36816043848177205,1.3294213619821833,1.2370291539799183,0.8236521654648625,3.085717049264068,-0.6110817786338288,0.6687492436290141,0.4649735036676029,0.17482835031734825,0.5066499304914002,0.0,0.5912783047022566,-0.012642193560279624,1.0358278842464337,5.165263263636059,-3.1751847252520857,-1.3435636911338436,-0.9398481998623401,-0.44973268378037634,0.2668128767959408,0.017531449451512953,0.25561520416658445,-0.02655188632288567,0.3650445830632739,0.8004236006843621,-0.7591669447499738,1.0500976311200634,-0.8526599806421008
43,9.81,3.942336407466418,3.942336407466418,0.8514439671987439,0.034431781701722064,-0.5394962492691363,1.8573035567939475,0.6040302002511146,0.23312950824041273,0.7446094391447656,0.6284785975892534,-0.037836701501345105,0.23611297384496033,0.0,0.7943333450221299,2.9697870207032526,-4.9495496364292535,-1.1150053262303652,-0.9502794340018119,-0.6507305716926316,-0.24890754693698433,-0.33577713807280085,0.4437322552091238,0.04054495081898777,0.19332714634443848,-0.045927856274265315,0.12460735206147644,0.6356805304165236,-0.7027442491845254,0.5992716483291801,-0.6183193536161549
44,9.81,1.2813423627893115,1.2813423627893115,-0.33815189481547164,0.2217184464929567,-0.2795056309858417,0.3371103608241758,-0.7234057724310852,6.345488403323384,0.7793856130172994,0.18237400397818607,0.5514982112979636,0.14983935897663514,0.0,-0.24026194564308934,-0.475109018957556,0.28873055609271014,-0.2538976705555921,-1.0140356267774366,0.014669954580309744,0.2184555298200892,-0.2617275550028319,-0.09646424430328326,-0.016102471181689098,0.19771991286305632,-0.044579732552640014,0.342199970571608,0.7042958095027372,-0.6854398167455166,0.7809265708377895,-0.8110154118126353
45,9.81,1.907340153128451,1.907340153128451,-0.5879747650649023,-0.06770552652888268,-0.5355530650129721,-0.5695846366656703,6.894925976324425,1.0631760104178845,0.039156044328807205,0.1989340086315033,-0.5057914773961099,0.35471534317660103,0.0,0.021489729461946522,-0.6014950059626388,0.36011877756379607,-2.283590706519312,-0.40319585705923644,0.10528091876753978,0.4146900247587038,-0.5189991248600531,0.11306164588319276,-0.02799879833642392,0.25434787127511177,-0.03816015743310554,0.3174961415186798,0.6599644119778991,-0.8138686141691072,0.70836836844041,-1.0309435240895375
46,9.81,0.5651351455553013,0.5651351455553013,1.172030140992547,1.209438249333194,0.8020560404385759,0.11844425364554914,0.026677325677020622,0.8372787584594026,0.7992401019384313,0.5381544857800706,0.5370476391832216,0.8546566275279346,0.0,-0.11206677920044822,-0.4332550630745866,0.6388485855185642,0.9419682660330659,0.618311149727609,0.8132450359343518,1.2315606183579675,1.9540826841032297,3.074411500810159,0.055810959094883185,0.48580361737268535,0.008205534132471937,1.9205503423111172,0.8986107156215372,-0.7885567343017386,1.5382132084491382,-1.5664005791001943
47,9.81,0.6464836472296522,0.6464836472296522,1.3994684585918797,0.5931925954580319,0.3789497710142141,-0.10291135895511791,0.5648126573337099,0.6393772202708055,1.3396588273653394,0.7555607505744487,2.4508121377630423,-0.931300149575313,0.0,-0.2278556117140078,-0.11145853496877267,0.4872946714494496,0.38090354718723585,0.9816952335524515,0.9311264174219152,0.9346108436078211,4.224082648953761,-2.3603843765082404,0.06664135517104192,0.16996517509864995,-0.0015618277516202483,0.5863100329861121,0.6740352243114842,-0.5797719579777058,1.25380718228919,-1.0101213701692362
48,9.81,2.7351582880790324,2.7351582880790324,0.4126206569735031,1.4236181913880004,1.0716776001463444,5.146775118755438,-1.051542469755081,0.03667181873946887,0.39295162531696215,-0.25530561654995076,0.35025700723100384,-0.22653849051812067,0.0,-0.18279756670127056,0.30051891924441104,3.93617860749531,-0.7512372460032015,-0.9051769256765216,-0.7123979891247184,-0.36553254712754896,-0.15004488502586388,0.48311022265469644,0.01964860271302396,0.22296340425695593,-0.00772396778319494,0.18953577745459188,0.7098053984046933,-0.725198469038539,0.7071156508492418,-0.665143064901907
49,9.81,2.6074064049195926,2.6074064049195926,1.0887446363880224,0.7251753663766476,1.1290955325132073,3.8240744294945377,-1.6165973372606803,0.767575541095971,0.17604528667909855,-0.34907886309585007,0.035045089498721343,-0.04336128720213489,0.0,-0.18152224186726207,0.37236944710166364,5.004285556344394,-2.23847119091933,-0.982096225314625,-0.5292559313416973,-0.6855695623865874,-0.14714538955066492,0.5184870395390333,0.051844982685143925,0.23858493570913872,-0.010394959630013478,0.23094006979484819,0.885528118318199,-0.7150014086769199,0.7083914601002643,-0.8324915666395283
50,9.81,1.0746064530161497,1.0746064530161497,0.6782686326760091,0.489917907596502,0.3202733122653649,1.0216972574804783,0.8720506617850494,0.34577319797434414,1.3792050180402036,1.1647896497523582,0.8838554708451387,0.5297169679363599,0.0,0.5925392955640609,0.11199735756971496,0.3199293056470564,0.6458923012110978,3.165962810084196,-4.56367250741391,-1.0517372959093976,0.3055023954181624,0.26912875053208785,0.032298506317905186,0.18027685033078356,-0.04057909505801951,0.3901158403309187,0.7315402923034362,-0.649007554684595,0.8953199656092724,-0.9372997850819428
51,9.81,1.6590312720928573,1.6590312720928573,0.43386085439177446,0.9853549075051184,1.1974981478181184,1.3855245566540213,5.271880561279039,-0.8241102192938096,-0.20988713601379133,-0.20031403759234623,0.4645924494065116,-0.25090070415903376,0.0,0.3834007886797983,0.28035196791724293,0.22927007240905573,4.22921875770858,-1.4458226429518044,-0.8444265958072363,-0.9471069101745163,-0.5328801995892349,-0.6017092570269983,0.02066004068532257,0.2534640249355119,-0.012250683602957987,0.3496869643996797,0.7679444856416615,-0.7089349958466956,0.9094728260960441,-1.1101934369656226
52,9.81,0.5143149918199023,0.5143149918199023,1.825168392499977,0.5096793743075307,-0.03539831711566188,0.6917223534508367,0.48934449537942837,0.969970624874728,1.1110316338861828,-0.3149068231147756,0.5758082305065702,0.8323161472175955,0.0,0.3363083499680879,-0.24749912262656504,-0.16013827191853913,-0.0066177963855107436,0.7391146083855187,-1.708608209090897,3.4654444255315546,3.707245548211372,4.8239977087446135,0.08691278059523701,0.8824156954278072,0.008750360545833358,3.5089363145004087,1.3057255365169513,-1.2769642540263995,2.4535511352155845,-2.5669579194354126
53,9.81,2.214804865171186,2.214804865171186,-0.8416078959965949,0.40630616106806694,0.786270613454169,-1.0036561830079176,1.3335590914250952,0.4569052142505464,1.1815781270093617,1.4011511600881952,0.3646841240637402,0.4074891263092314,0.0,0.9162069840341336,0.9391352976561609,2.326813231539757,-5.3191731526869,-0.5864552047283013,-1.1510379975680851,-1.452036250835636,-0.48251171239583435,-0.4128405641694922,-0.04007656647602834,0.2194182615567249,-0.0671792292223532,0.24507851609620507,0.6806585663689325,-0.76563959069976,0.6577862376364707,-0.8745726520175284
54,9.81,3.0914288781663495,3.0914288781663495,0.5674684800156784,-0.23237983114153996,-0.32327936493366743,6.657258043813181,0.0593910119242288,0.22254519837626258,0.7963650624065557,0.027891958195301603,-0.15128189561534727,0.2727204757360596,0.0,0.12217622214793486,-0.22279268107565528,0.6618381878970976,0.3045803412997503,-0.16040480389723233,-0.17095765001497282,-0.16517487756626723,0.328738573032413,-0.042816218071814044,0.027022308572175142,0.20979924193325822,-0.02081547212630968,0.16857157074109733,0.7966185566822223,-0.6200249946351222,0.5548920352564731,-0.7085932680260743
55,9.81,2.4228444707732755,2.4228444707732755,0.47424945602406116,1.3294081748769848,0.6509375084871825,1.6119727357344078,-0.07135863565906643,0.0973160036248533,0.17108532518387398,0.7527255192562806,0.6402823772252452,0.2934590401746025,0.0,0.9626921541984769,0.7583289131857117,5.012896158361345,-3.2506855758184807,-1.00259370675546,-0.49262822956537144,-0.5490460976929104,-0.21759307924659355,0.5145367112863022,0.022583307429717196,0.20398504815236787,-0.020566738071352297,0.19608804678644168,0.6987486700757288,-0.7004464704544541,0.7570560365627141,-0.7063576161070495
56,9.81,4.257960562888563,4.257960562888563,0.2546751657920952,-0.016967479907774252,0.9506919357038695,1.0515535422771751,0.4694259256835066,1.4035923802545038,0.7062198827735882,0.4811267417203674,0.6047661034142806,1.359203317931047,0.0,0.8803906181176743,3.5606884322705046,-4.55593690189909,-1.007398799364914,-0.8100577991177473,-0.184482140150109,0.051201141516770333,-0.07319436147645153,-0.24393563419166342,0.012127388847242642,0.19736263486755581,-0.05614737678352564,0.12322758750637494,0.7525652270846448,-0.6882977675234916,0.7338580522962317,-0.5496259598994624
57,9.81,3.274210631345854,3.274210631345854,-0.53687200108682,-0.7632215572120337,-0.7923478808178803,6.358971025260135,0.2210105310749403,0.017172695397759397,1.0390512604682205,0.7428744714251131,0.09036555164879284,0.7235744115699103,0.0,-0.18638328853670866,0.21386692275475236,-1.2448784675317803,-0.37558975394046307,-0.34557382178718965,0.3799863970731556,-0.395536995654454,0.39193048130504693,0.1297671742684767,-0.02556533338508665,0.20979826261310788,-0.03476507944461113,0.16632170084661607,0.8898390939508494,-0.6741741788254011,0.6375169893159593,-0.6215483310766791
58,9.81,1.6973776040507365,1.6973776040507365,1.3368053046096073,-0.1303657124678993,0.6519042578694054,1.397189432598676,5.757952537223132,-0.2626708049128504,-0.42977520889400556,-0.033939079227809144,-0.7499918743079513,0.7053677565530685,0.0,0.2673783147713994,0.26251785964452246,0.9412948026264536,4.025048117298978,-0.8005220415929223,-0.4057703085253501,-0.3419099242553137,-0.2761472514214446,-0.39406303384856145,0.06365739545760034,0.25167852409649755,0.0016319068953903504,0.34841588280538954,0.7896241541616491,-0.7767989800889945,0.9732690900388772,-0.93886403223192
59,9.81,4.149599500931374,4.149599500931374,0.5868936730212961,1.035378774505173,-0.29514866572637843,1.1326966776692462,0.9116925154329496,0.7990556978973224,0.16313242741864517,0.686742355236285,0.4660894717659041,0.6464193448626305,0.0,0.7051845748692009,3.2617274765610977,-5.151867258137214,-1.9333929323603216,-0.6664633495266928,-0.3418647785766792,-0.08775365044543425,0.11565455808325985,-0.040109219120169404,0.027947317762918894,0.21474748223625717,-0.05075667960342144,0.12698058532590875,0.6965182069373779,-0.6610856472749487,0.6613213226810204,-0.5710523189037017
60,9.81,2.7476903763635776,2.7476903763635776,0.773698962608751,1.336789079543656,1.2771433888680503,5.2468175763939575,-0.8415534403911447,0.01757843988047371,0.42432332841998976,-0.16014404495967727,-0.027294775329966936,-0.16101204254098134,0.0,0.21664318143341618,0.35194102384944626,3.018449347874052,-1.0273837190561608,-0.4973714787642787,-0.29773234619893235,-0.22869386552624335,0.24828409683986227,0.11780751784622245,0.03684280774327388,0.1941239392302669,-0.0018410357290405937,0.15600839521904802,0.6943204627357732,-0.6151028446637754,0.4936141550982848,-0.6743757512386115
61,9.81,3.914646444517405,3.914646444517405,0.5027959372097318,-0.15326191322785576,-0.8295172156673499,2.7543909193117595,1.2176552136083136,0.6850292132367727,0.33339279686607615,-0.22180970146599316,0.29958436434066105,-0.12058634429696935,0.0,0.4412577196635461,1.981517613200648,-4.422322122825799,-1.2218809873079968,-0.658603961679548,-0.396187856660192,0.2395519837478845,-0.314932896641308,0.15363783319089253,0.023942663676653892,0.1669665125807426,-0.038595800353627835,0.11498122837504816,0.6640031752349436,-0.657148767542752,0.3895904791029893,-0.6324313711490579
62,9.81,3.047400888470235,3.047400888470235,0.25401679333222804,0.5050858140524094,0.5670255119129015,6.65078145916115,-0.36624192219051543,0.36961835795050707,-0.48600278059720736,-0.06681159480533021,0.0031516494447305643,0.31019167274948084,0.0,0.377776105176798,0.3393793049498524,0.6885926543728185,0.06584460020888366,-0.2784285295486566,0.25796741125414496,0.4610162594319574,-0.2760395044196087,0.08253297433173853,0.01209603777772514,0.21181177815199564,-0.008124184201185537,0.17439670667260293,0.736636395831494,-0.6645890361486538,0.5865268505784954,-0.5794241990415999
63,9.81,2.468481627007666,2.468481627007666,0.06951713777413832,0.7765558674849331,1.583685976483423,1.7295928225487174,-0.8668225023352126,0.006424101670018945,0.7431261442239654,0.7369634944964253,0.09893141404717193,0.8428554363913304,0.0,-0.3352375744415387,0.5828858645331484,4.770100243001877,-3.0548138131684675,-1.5140313523749607,-0.373765101152189,-0.38854237422689697,-0.2847567215900449,-0.41736314794798646,0.003310339894006583,0.20238717973753598,-0.031516004524227995,0.20410812222319588,0.5844659066297835,-0.8814918040844582,0.8230590118354677,-0.8357340991863734
64,9.81,2.282694999878405,2.282694999878405,0.5441748218706485,0.7495174975679079,0.1287230833020725,0.16596130657410546,1.0686980550916658,1.0139027550895057,0.11176604712561658,0.9800965386529907,0.5204736033422649,0.7646049334601254,0.0,0.6673433205221129,1.0060604985373063,3.580728121740258,-5.234491498258333,-1.4816923535770403,-1.3532609479961482,-0.94428429289716,-0.1469966022161111,-0.5644762756257817,0.025913086755745166,0.2343903921333875,-0.05457087168528483,0.25836566724275656,0.8591995101112682,-0.6950025936722842,0.7263001694165452,-0.8271715129121107
65,9.81,0.6000587956394547,0.6000587956394547,0.7705368564059396,0.8649282545763346,0.40557410657738424,0.5789434815867087,0.34068885008945893,0.3344069216863259,1.3472469160893188,0.7471182492656193,0.6592511547091169,0.6740133108494464,0.0,-0.3962479313506969,-0.2257127763410809,0.8270894687670884,0.8276335027653575,0.4392617149715008,1.1943601583314494,1.087295991485138,1.4228410003977943,4.209092188326518,0.0366922312574257,0.15253876671532007,-0.005572309459084457,0.5339232664113267,0.6671196813804521,-0.6254733093799043,1.0648264427795415,-1.2925929907603564
66,9.81,2.6120785467558316,2.6120785467558316,0.6017477165118894,1.0867002722336199,1.4916276800340331,3.866905542310386,-1.14210871656211,-0.03749797626115009,-0.2511446494865195,0.05008147553906808,0.046230727950458794,0.6571932392414959,0.0,0.4254250773211334,0.44337538836904183,4.3724963960849665,-1.8374887195874714,-1.092125172835856,-0.9659474839486559,-0.6555254030269758,-0.39050716017909365,-0.466325065295197,0.028654653167232823,0.21094529239620896,-0.02164309006794966,0.1982553097010332,0.7906960231447173,-0.6893651925921565,0.730637386806309,-0.6292168629631876
67,9.81,3.3060128097114756,3.3060128097114756,-0.32985733664408107,-0.4429506072407261,-0.5192292531671847,6.468007760732529,0.7328206424976915,0.5707602826174196,0.5152148518303954,-0.25613799591005054,-0.795645932841601,0.6984261860754168,0.0,0.1824601755303751,0.09621966828041909,-1.7748332329158574,-0.875050454071709,-0.1536850937315775,0.35521438366437214,-0.21472463952822377,0.04992760226174564,0.00985712182005305,-0.015707492221146736,0.2246232114168635,-0.02359413111385883,0.20094669447886412,0.9064353404597802,-0.7404082604189524,0.6933010423324711,-0.7086972613977987
68,9.81,4.757510394548339,4.757510394548339,0.6268809188424787,1.4084804186027249,2.050826476816339,-0.1739283685639078,0.28020456319895154,0.11597704224191493,0.9263040312614986,0.1357247812469208,0.6178916581748873,-0.0021813561026725395,0.0,0.6120700518074714,5.136925385788642,-3.4841750091469637,-0.9815661673475036,-0.6186554270873217,-0.5409849143306706,0.2316987855477237,-0.02818205673122187,0.27457834751839694,0.029851472325832344,0.2244852416371629,-0.030540640857539336,0.13140209417834664,0.655656095055287,-0.7956296608562934,0.5385476245283103,-0.8633862124037693
69,9.81,2.4589673607446905,2.4589673607446905,1.1333266980908585,1.0368449236394863,1.0250171904094751,1.4903997265328708,-0.4765111467403328,0.3119939050544256,0.6223653578413773,0.48846921059688375,0.07880286254788299,0.5072696845717103,0.0,0.7029222841768403,1.0586246863951525,4.843139366677006,-3.0659462171413416,-1.728619991949766,-1.1755490501139405,-0.8611177333680354,0.011470321585777654,0.18085966842459755,0.05396793800432659,0.20511640928670954,-0.026436120887725994,0.20797725729481323,0.799281544792851,-0.6762402708021041,0.7714688494391665,-0.7420964420180771
70,9.81,2.685386313859987,2.685386313859987,1.0750250871990896,0.9467899989113626,1.3690301858400464,4.421959481640135,-0.9432419830327053,-0.19312016543798255,0.01966447098689339,0.3672074750638935,0.3426068164172782,0.6725430733590567,0.0,-0.42522434775771273,1.045265706787808,3.894951066873694,-1.370386833753124,-0.8378105259859159,-0.27485867332400166,-0.12156641461145239,0.06374370311846178,-0.04180405450370145,0.051191670819004255,0.19575132697893785,-0.012856985702088089,0.1645427286587388,0.7266489524705837,-0.6284213034949212,0.7031600284038673,-0.6721794480207458
71,9.81,2.8360181479077298,2.8360181479077298,1.223273813859639,1.0342054210178664,1.25793108881297,5.22812362875132,-0.8395610678606458,0.07050572774903834,-0.34829573433040173,-0.6150904566390347,0.0713632744579962,0.08586761046824727,0.0,-0.31383527997775135,0.37085248535130766,3.4999986249940718,-0.4624765226898675,-0.3201153814824262,-0.6837809158236223,-0.20492180725861386,0.16684744069799695,-0.46020982954857986,0.05825113399331615,0.2030822969019131,0.003107241449589654,0.1693440964995698,0.6770560679360452,-0.5869645645316873,0.6857559081714021,-0.6806940536282873
72,9.81,2.3386594099645217,2.3386594099645217,0.5843200688298806,0.09344352666202854,0.8765149803972379,0.11201086083592704,0.6924716818311217,1.093465788998516,0.3495988767955055,1.0150823295564184,0.21419187717781307,0.9614436185167549,0.0,0.27530074718448294,0.9432147342633828,4.262719572580601,-4.804877701379136,-1.609045489251296,-1.223381068241488,-0.8327920994780299,-0.19771077950373317,-0.4712307970282267,0.02782476518237527,0.2386452142533869,-0.05680583263611325,0.25623451546921516,0.9353772350751912,-0.7015095191343698,0.7686572742177287,-0.8186640826384811
73,9.81,3.1045807348306127,3.1045807348306127,-0.10255597849548859,0.4973023244507982,0.4849300026395596,6.488028914493297,0.3900418322919269,-0.23284464095724744,-0.34587575028681017,-0.09154271436150238,-0.5100351023070494,0.2031783068356986,0.0,0.2957296539180508,-0.19471463873384695,-0.1316809251824805,-0.12492623751277518,-0.48302078353302713,0.12727599811722312,0.31779944428101753,0.4250141107685955,-0.06179068455459222,-0.004883618023594673,0.19998352098925848,-0.00725627764630955,0.16888118840048294,0.6446336927864178,-0.6770159677858301,0.6381593641771915,-0.7051327488156282
74,9.81,0.8165780297407639,0.8165780297407639,-0.2686255411077991,0.5214019538012218,0.5484936457115346,-0.03652722696696091,-0.6188405275845148,0.6225843897070642,-0.9676795486429359,4.13236666150333,1.0278316981997928,1.593545415929234,0.0,0.6742428160406675,-0.20515348353802523,0.24740158241312243,0.12823164735044668,0.9263090701066972,0.8434662376623618,-3.9525509628019413,-0.8104328004785184,0.5334826442514831,-0.01279169243370472,0.19156197025231833,-0.061630310839284455,0.5113986940632339,0.6923066368053185,-0.6167004206979239,1.1438311980404272,-1.0490037778934822
75,9.81,2.697727240414508,2.697727240414508,0.6828462121937486,0.9527917019331039,1.301801681505232,4.402931263035063,-1.0897310740523527,-0.12196951940008371,-0.22634637342496072,0.062875712739043,0.13701856155467224,0.661514741606117,0.0,0.00015355106997265444,0.8913922429018095,4.002454516343266,-0.9850691579431818,-0.9326614779074427,-0.08528456804035191,-0.09783479147411626,0.06076407314023906,0.26085392172070637,0.0325164862949404,0.19337819214880275,-0.007004754912422817,0.16535561541352578,0.6513530325981692,-0.6858395607643536,0.6147794663203341,-0.7062335605227537
76,9.81,3.2456517273577954,3.2456517273577954,-0.9134172019062615,-0.25720022335857073,-1.014139339662845,6.281692865195447,1.250918595726822,0.7136567258885257,0.13500916361762189,0.7180954655789931,-0.031243213714131246,-0.3026893151439617,0.0,0.33209320659705166,-0.553958968753681,-1.8795490341031773,-0.908201367386445,-0.14882904246217543,0.22734568446010156,-0.4699459815410662,0.008616820490316576,0.37598720442880573,-0.043496057233631494,0.22376202034329082,-0.033509804085847875,0.1841153459607055,0.6796258255579931,-0.6924804921358325,0.7045877751288785,-0.7502824601080604
77,9.81,3.8474559829384543,3.8474559829384543,-0.6063956282437792,0.03468286241774876,-0.9556575895548165,2.8846280365394357,0.9988257005647005,1.1482662160667285,0.6702486470196336,0.39888643742436275,0.1414284291121321,0.7629711053782149,0.0,0.5350416732315932,1.9564626790787871,-4.608435254319623,-0.8180556679345984,-1.0870809800688686,-0.025478476254442495,-0.2228380158866765,-0.25972021813477447,-0.17517528401508586,-0.02887598229732281,0.18454000606644635,-0.05521400867325974,0.11374912196441526,0.611223701799863,-0.6675465612628466,0.6039730607293239,-0.6268653610645849
78,9.81,2.43423644195411,2.43423644195411,1.0867156724204055,0.42195402024728773,1.009084947559246,1.7246137239211263,0.4216470420740849,0.9005266831036562,0.3237891793135366,0.500835249432691,0.6777678572788184,0.8344151365540573,0.0,0.3600673927766057,1.201819817662939,4.436350681168976,-2.84196214679004,-0.8967770771917883,-0.5798806419206685,-1.0499610029346447,-0.322689227957178,0.3730202444179461,0.05174836535335264,0.17488769101408982,-0.034153878663006246,0.1753682859209751,0.7238049683097258,-0.6501766043306344,0.5613859089140535,-0.6814632346238867
79,9.81,1.8626095972507295,1.8626095972507295,0.3836008516331761,0.04970773335814044,-0.28743582165155074,0.06091231566611066,6.71688339001665,0.4047078022044549,0.08308917749251446,0.5001693299659878,0.1684900370109685,0.38015877870223014,0.0,0.29684601896988805,0.28069155407270385,0.584212224579217,-1.0089952281378363,0.2694250516536382,-0.4363456201312112,0.7100192973150146,-0.23734820602365175,-0.340818196012829,0.018266707220627433,0.21890785843735497,-0.03144741905726013,0.28098270461142644,0.7887863656731444,-0.7049970964154965,0.8322392275081705,-0.8177300578328466
80,9.81,0.5265051499286137,0.5265051499286137,1.5562056662745214,1.6450484674164279,0.011166043366486744,1.0428840004473883,1.000787058001331,0.7184167493726138,0.9189138232344309,-1.685901038041856,0.9727620523428351,0.2334947612600696,0.0,0.019252820667907677,0.03906850676426976,0.568457594643268,1.007842957030891,0.45982291524012275,1.10046971686232,3.559381581553632,3.0059805133208375,4.000980332728752,0.07410503172735815,0.7896202309725362,0.04523396685925568,3.0247453513434115,1.4160576510249965,-1.1746891986657122,2.479148623913715,-2.2045478550455324
81,9.81,3.9041553656568073,3.9041553656568073,0.3589410557017591,0.12445906343233748,-0.8370432287550443,3.3105156876917508,1.1255128023300436,0.9131554384470058,0.7867118657950842,0.7078559632290242,0.13832190122067606,0.5423765830987355,0.0,0.5747719073822328,1.5463112968422021,-5.076348138154661,-1.118043036088969,-0.6316901003875589,0.33555316858944717,0.25305603942962596,0.41197108060625975,0.7705256950624527,0.01709243122389328,0.21050240114497734,-0.04720752508868462,0.1544174177744483,0.6886414188677463,-0.7918724786247984,0.5363633957188525,-0.672244410246256
82,9.81,0.849091865893594,0.849091865893594,1.2932283912932268,0.36484366030635035,0.7465718170745073,0.503668092724086,0.37120297631232824,0.6038326410391436,0.6307951483328957,1.0505504880639147,0.17224735765317722,0.6649434748100146,0.0,0.02882410739961605,-0.16524169007808087,-0.3662566435347918,0.43993573537733927,1.155780896448255,4.088895564054121,-4.072521368322822,-1.245011209392824,-0.07899123102626393,0.061582304347296536,0.1884798618121635,-0.028677526694760168,0.5183860683928562,0.6922791902715075,-0.697286194577867,1.1027204763003042,-1.0705633582265746
83,9.81,2.704946169465112,2.704946169465112,1.1347599716638992,1.3762336528196182,1.4738430443955655,4.809388572877132,-1.0984494323407141,0.014460210281778768,-0.11908673805220119,0.32253234570850675,0.215606645277886,0.30195212673064975,0.0,0.4484535846608287,0.43961785704716394,3.4477389757270807,-0.6173865386532162,-0.7921490045458852,-0.29296104300431236,0.005916498011299341,0.34263617763985943,0.1066441629868618,0.05403618912685233,0.1921972673012743,-0.008284337377199658,0.15535305993792733,0.7810996627588971,-0.6380626572464405,0.6017086534850151,-0.5448083579133748
84,9.81,1.8696249355210532,1.8696249355210532,0.16362572835699868,-0.9303127999021128,0.5716085473367083,-0.6375495566501403,6.653181256988454,0.06380827432304986,-0.007186198047824277,0.5346642966086959,0.4001241770284499,1.0234274003346653,0.0,-0.008584426838502857,-0.10986334900213432,0.24234705253283761,-0.8268754127329863,-0.17448386655225537,-0.20818946151713452,0.1585740811478935,0.5303564647646812,0.253781428085261,0.007791701350333267,0.2209726610820654,-0.03479782187361199,0.2846294561826844,0.7107173865569966,-0.6875844399541554,0.7705634418190821,-0.8651156220817722
85,9.81,4.283699729793624,4.283699729793624,0.440789034034823,-0.08682797097198836,-0.27815909001081673,0.6481169096474217,0.1539954079476219,-0.05204196242660142,1.1304728535508393,0.72217091659083,1.2350293712641969,0.683984859163451,0.0,1.1077326052389993,3.2014370989960286,-4.100736273456737,-0.9497469777772586,-1.197580540966009,-0.4579070116344191,-0.5537950807950237,-0.4189232298012325,-0.5441417198147591,0.02098995400165824,0.16916597550180015,-0.06201627104419429,0.11373446287583322,0.5855918215412732,-0.7133998832509572,0.4575136800751188,-0.7458910620228166
86,9.81,4.777141380125379,4.777141380125379,0.42394892491897374,0.8106370785699429,2.966025601622792,0.005489020088870061,0.13824868727296463,0.17845569097196654,0.36701094604339146,0.4895602621354771,0.7188330183737819,0.11921387611975456,0.0,0.7304738569924705,4.401741397644177,-2.7623371286038356,-1.1355197780613662,-0.06823873591109061,-1.0000222979470355,-0.2886885732933497,-0.516595551128691,0.5084402820187407,0.020188044043760647,0.18611632677301163,-0.028444420150005402,0.10494147465387885,0.6667865938933598,-0.7290986227368818,0.5197502103071714,-0.5342082930944143
87,9.81,1.9349356043047239,1.9349356043047239,-0.1475691019739172,-0.20551052542698167,-0.9122684837651664,-0.8331339893895311,5.546784105157692,0.729703303063755,0.6124989166576803,0.5974957118822907,0.5579957566561654,0.5798800850138766,0.0,-0.4931264360026995,-0.04014768028653298,0.16890768638806586,-3.145771644720835,-0.21965847411077916,-0.0362621222511936,0.5929157427787335,-0.2187339068823597,0.6269952746026868,-0.007027100093996052,0.20717169482002537,-0.04577557206856135,0.25262710165738367,0.7416539452793462,-0.8357970907722171,0.7892623992415841,-0.6877898419860857
88,9.81,4.539957300168159,4.539957300168159,0.8363586933024121,1.27349989861556,1.3900507066404462,-0.2532379846036812,0.5084009252474965,-0.16135305589572874,0.7813456268515486,0.600791864118372,0.36077327163159145,0.5947175231192838,0.0,1.1828358000840176,4.765265946454871,-3.6908810521894795,-1.525056317927465,-0.9162459687188369,-0.7780382717052212,-0.8252896756621226,-0.35305704309285213,0.17592995191248512,0.039826604442972015,0.21798976026198677,-0.04224173140994344,0.12416528357442735,0.6965145875943182,-0.7172841361384562,0.5074828679539752,-0.5949018571526795
89,9.81,2.0188807277465397,2.0188807277465397,0.24385059240190932,-0.14993617065862125,-1.0557616089114399,-1.0216682654133167,4.5682690985750884,0.5427083605358936,-0.28180852620999175,1.2052275385854831,0.0039240725640384555,1.3445411871704191,0.0,-0.1627603381287961,0.3730901052418937,1.5191542315285842,-4.5142187039519825,-0.4690268189427977,-0.26254482070934604,0.10673840759174448,-0.6908650733275844,0.3958525306625797,0.011611932971519487,0.23647892326396938,-0.06273692396028259,0.2830865415806848,0.9160722489879759,-0.6639311871793124,0.7516786162728253,-1.0122642216370605
90,9.81,4.154504497311094,4.154504497311094,0.17770707827810284,0.4515090822379587,-0.3726031594688811,1.6521892548978636,0.5561203730331652,0.6053642709868656,0.9214530961429024,1.2354189456360107,0.5579750591245849,0.513162934380424,0.0,0.5330275159226519,3.3322718567564475,-4.345206059798118,-2.140286166195998,-0.20522378414488132,-0.1571612204748858,-0.3637612276602992,0.03460957230917234,-0.07301828692980297,0.008462241822766784,0.19369905956699696,-0.05828206105580121,0.120145538326164,0.6793957256891705,-0.6264176879365585,0.7676348466917802,-0.5644817787931795
91,9.81,4.094796191266013,4.094796191266013,1.125835079258527,0.48726463206333503,-0.5064273580670917,1.967554669942424,0.9809457183406971,1.166558286538797,0.5540484217293343,0.7166468997238636,0.8785478970962434,0.5029424539864112,0.0,0.9796912612368252,3.371964342760284,-5.317415515543364,-1.5656114762948135,-0.709186251202191,-0.5454846267329994,-0.14957589740114488,-0.08351033098118438,-0.3657190397028912,0.05361119425040606,0.2417655142879623,-0.06302490836956934,0.13752997780729048,0.8226957011086601,-0.6411684433182852,0.574647150550883,-0.5693056858441108
92,9.81,3.4487832965498555,3.4487832965498555,-0.8052538011564561,-0.8886567075359579,-1.4305360455334448,5.388061654434675,1.196396778468849,0.5284258838289635,-0.3377588635602289,0.4333123788220806,0.19159750365437678,0.8354604734089144,0.0,0.8867587255993209,0.07576020101770692,-3.680865303121248,-0.47130282759648584,0.2148479664817711,0.5317194455592587,-0.4336107224297876,-0.48852265883992413,0.2188376091670524,-0.038345419102688384,0.22746041965369146,-0.04106961222983789,0.1655222386037591,0.6962745801803061,-0.7936142122673809,0.5724483527673532,-0.8446976013316024
93,9.81,1.5291655464902243,1.5291655464902243,0.9230737902145787,0.9699729069571084,1.4942241278760624,0.5545848492962574,1.2632256048006965,-0.7986051248039336,0.9182406980942659,0.7752069088070006,0.051034847334934796,0.2341959968747887,0.0,-0.07090838947696071,0.8797441301202404,1.010679208716028,4.4790691348764256,-3.458094143475469,-1.419187461660802,-1.2244916987220857,-0.6977129402907948,-0.3221897103886988,0.04395589477212279,0.2076702800044191,-0.02891782651431582,0.321022700909464,0.7805522031373462,-0.6515401474480157,0.8131552676051977,-0.9506028796064145
94,9.81,1.1195350913402078,1.1195350913402078,0.36635953101648244,0.308667094115479,0.5104133055284688,0.7383097424828369,1.0535442952711995,2.9619057085876346,-0.176312794957869,-0.337557944179252,0.5502258227061997,0.2453132376727365,0.0,0.47796261592326583,0.5074666869392725,0.6798245174273458,1.4714260244916977,4.199781422536713,-3.092884930459845,-1.2498264123543879,-1.099739571335754,0.04443586983434855,0.01744569195316583,0.20381955463143198,-0.017432161628541887,0.4231244755171818,0.6831837501179382,-0.8625543662953881,1.0069208812515371,-0.8463606417618186
95,9.81,2.4096701251715507,2.4096701251715507,0.3408346859203913,0.5973627574097232,0.5604582387334073,0.8553800996158565,0.22288873085513033,0.29400201567957984,0.530690621776851,0.8383125569848591,0.8604668546878589,0.8976771477565603,0.0,0.38952925202870126,0.8379819756640354,4.227531467790544,-3.859095075278176,-1.8177399232378981,-0.20096993553949247,-1.0990853269202305,-0.21050393007007848,-0.59470849115574,0.01623022313906625,0.1989127893840055,-0.05344517289615369,0.21694918432613636,0.6853260133550113,-0.6299597258548224,0.6383747769494443,-0.8796780344220094
96,9.81,1.1819243885868809,1.1819243885868809,-0.06654123396771677,0.4918723887082601,0.6216987923794157,0.6658376423522343,0.4981150604479186,6.700061632824333,-1.4311135174420109,-0.4771319385674939,-0.4564140138078224,-0.16390129241802187,0.0,-0.669758232246553,0.18152903357739403,-0.10061678419307624,-0.10790326308265555,3.4912809110289946,0.2935095234480962,0.05795846149567908,-0.057359612275278554,-0.2835889248538881,-0.003168630188938923,0.28013292655866373,0.0007586498458007851,0.5441969344700256,0.7170671795806193,-0.8310278197759372,1.0812105730299306,-1.2516500871071887
97,9.81,4.429728269546232,4.429728269546232,1.1117884528689954,0.6310560926914086,0.818849203717448,0.584581971946837,0.5123547407623172,-0.25237007001214684,0.6350264708711038,0.6620986312236391,0.14244589266622323,1.3164365875883877,0.0,0.5362404875432192,3.3402448330094945,-3.519780070078581,-1.4131771195491796,-0.8799061633093195,-0.6365875672060802,-1.2629272672061465,-0.2288909417067723,0.12322394433997458,0.05294230727947597,0.15409651822125073,-0.055614507464581284,0.11136061052591595,0.6263344541066129,-0.5474509040518437,0.5351808297914892,-0.7162750075340839
98,9.81,1.3060704086951067,1.3060704086951067,-0.18323504673623536,-0.09318882769621717,-0.2506277177159313,0.004978672011104052,-0.6012278445434114,6.3502387260542505,0.9002369099753139,0.14488466854076076,0.19153794576946936,0.15745042577063062,0.0,-0.31863277442519944,-0.10324433740243633,0.27015164148368864,0.07745140306188616,-1.983360438312488,-0.18448091053168084,-0.33658889420459603,-0.2511611502320641,-0.11723662403768143,-0.0087254784160112,0.20943615864345136,-0.050076189412965245,0.3575159316785801,0.6824511671722336,-0.6830835108374945,0.8011868030896646,-0.8393492784626921
99,9.81,0.6363259772554724,0.6363259772554724,0.936754666152783,0.8057799210598231,0.36254002179426414,0.2288915753076322,1.2682671256683042,1.0648494870477339,0.11068617140497522,-0.19829483518434232,-0.5738077915117357,2.2008573618741023,0.0,0.6148317264557852,0.5820787376806646,0.2060392312642512,-0.23107997788187293,1.4653875827815588,1.4062565041494168,1.0795617888289681,3.94589471701842,-3.514501773009524,0.04460736505489443,0.1952494532846388,-0.0017408405440335283,0.6588753735353368,0.7022638570304274,-0.6493108771999252,1.344287869606075,-1.2181213366570907
