host,mse_tab,mse_psi,chi2_tab,chi2_psi,mse_star,chi2_star
HD 2039,0.13509882986545563,0.05442238599061966,2.413357973098755,1.0539766550064087,0.05440807342529297,1.0539630651474
HD 2039,0.24122412502765656,0.1249106302857399,4.174434185028076,2.555225372314453,0.07495345175266266,1.186476230621338
HD 2952,0.8910976052284241,0.751300573348999,33.49874496459961,27.353429794311523,0.6660168170928955,24.987783432006836
HD 4308,0.7623693346977234,0.7265293002128601,9.575606346130371,8.792369842529297,0.7623693346977234,9.575606346130371
HD 4308,0.17330552637577057,0.34443533420562744,1.7181687355041504,3.540555000305176,0.17228339612483978,1.6923702955245972
HD 10647,0.3839491307735443,0.41722342371940613,3.4377310276031494,3.07384991645813,0.3455934524536133,3.2325329780578613
HD 17156,0.005069807171821594,0.10766977071762085,6.719580173492432,165.92300415039062,0.005069807171821594,6.719580173492432
HD 17156,0.4166209101676941,0.1159835159778595,4.752583980560303,1.2513350248336792,0.11885517090559006,1.2771333456039429
HD 17156,0.0013504193630069494,0.209156334400177,9.075825691223145,1708.6812744140625,0.0013504193630069494,9.075825691223145
HD 73534,0.08060605078935623,0.04930034652352333,12.331663131713867,7.489205360412598,0.06205321475863457,9.220026969909668
GJ 436,0.2394721359014511,0.38650453090667725,2.5600030422210693,4.057870864868164,0.2394721359014511,2.5600030422210693
GJ 436,0.15246738493442535,0.7641669511795044,1.4113448858261108,7.298011302947998,0.15246738493442535,1.4113448858261108
GJ 436,0.1410883516073227,0.8135823607444763,5.432254314422607,30.032875061035156,0.1410883516073227,5.432254314422607
HD 130322,0.014792967587709427,0.015792684629559517,10.299846649169922,10.285157203674316,0.014792967587709427,10.299846649169922
HD 130322,0.049098074436187744,0.04470239207148552,2.1691746711730957,1.7849619388580322,0.0437951534986496,1.7906830310821533
HD 130322,0.017160603776574135,0.013374501839280128,2.7549893856048584,2.0631117820739746,0.017160603776574135,2.7549893856048584
HD 139357,0.015490329824388027,0.01548563502728939,2.8304219245910645,2.8244433403015137,0.015485676005482674,2.824228286743164
HD 145457,0.03770937770605087,0.031159985810518265,3.0634748935699463,2.677395820617676,0.03115997277200222,2.6773650646209717
HD 149143,0.010287716053426266,0.09977015852928162,6.555341720581055,48.140411376953125,0.010287716053426266,6.555341720581055
GJ 649,0.23977208137512207,0.22519828379154205,14.808666229248047,12.238019943237305,0.19456559419631958,9.917354583740234
HD 173416,0.1785493791103363,0.09503725916147232,5.515564441680908,2.9394264221191406,0.0950382798910141,2.9423649311065674
HD 173416,0.34137412905693054,0.23860129714012146,1.1652392148971558,0.7486886382102966,0.20288564264774323,0.676940381526947
HD 179949,0.05151066556572914,0.44739821553230286,12.097867965698242,90.46797943115234,0.05151066556572914,12.097867965698242
HD 179949,0.03571527078747749,0.476691871881485,9.577637672424316,134.51580810546875,0.03571527078747749,9.577637672424316
HD 179949,0.07145829498767853,0.32486289739608765,11.31932544708252,45.51474380493164,0.07145829498767853,11.31932544708252
HD 179949,0.02080659195780754,0.39204296469688416,2.197749376296997,41.12102508544922,0.02080659195780754,2.197749376296997
HD 206610,0.07405230402946472,0.05957157909870148,25.883188247680664,20.332704544067383,0.033629413694143295,11.8851900100708
HD 208527,1.3389167785644531,0.32500848174095154,158.27386474609375,38.60115432739258,0.3430556356906891,42.72809982299805
HD 216770,0.270379900932312,0.17553912103176117,5.785499572753906,3.180943489074707,0.13532273471355438,2.5072178840637207
51 Peg,0.05354182794690132,0.32882627844810486,2.216299057006836,16.387123107910156,0.05354182794690132,2.216299057006836
51 Peg,0.03321164846420288,0.058978818356990814,2.7252354621887207,3.761767864227295,0.03321164846420288,2.7252354621887207
51 Peg,0.09024960547685623,0.8293266296386719,2.9859204292297363,27.419557571411133,0.09024960547685623,2.9859204292297363
HD 240237,0.47029009461402893,0.2240285873413086,56.315513610839844,30.21470069885254,0.2600170969963074,34.53707504272461
HD 222582,0.2556210458278656,0.0011030362220481038,330.5527038574219,1.5446456670761108,0.0021768806036561728,2.8877341747283936
HD 222582,0.187703475356102,0.0060535999946296215,90.49059295654297,3.135152816772461,0.001752507989294827,0.9484825134277344
GJ 3470,0.5036033987998962,1.2220569849014282,1.9948153495788574,4.951867580413818,0.5036033987998962,1.9948153495788574
OGLE-TR-56,0.19367685914039612,0.19680072367191315,1.1470211744308472,1.4462155103683472,0.19367685914039612,1.1470211744308472
CoRoT-4,0.1134754866361618,0.10916788130998611,1.3418854475021362,1.300518274307251,0.08824107050895691,1.0270136594772339
HAT-P-12,0.05313875153660774,0.27120503783226013,4.35634183883667,18.939687728881836,0.05313875153660774,4.35634183883667
WASP-16,0.04901678487658501,0.5228474140167236,4.940398216247559,51.07731246948242,0.04901678487658501,4.940398216247559
HAT-P-20,0.01115608960390091,0.022813592106103897,2447.34912109375,4008.30078125,0.01115608960390091,2447.34912109375
Kepler-40,0.17549583315849304,0.1617661863565445,1.8338643312454224,1.848476529121399,0.16269820928573608,1.691697597503662
HAT-P-28,0.040611933916807175,0.02734488435089588,1.510971188545227,1.1228480339050293,0.017218085005879402,0.6536144614219666
CoRoT-18,0.5907387733459473,0.2837282717227936,14.417236328125,14.39797306060791,0.2661796808242798,11.55758285522461
CoRoT-18,0.04139627516269684,0.05750568211078644,1.7477511167526245,2.2714247703552246,0.04139627516269684,1.7477511167526245
Kepler-15,0.0888601765036583,0.11176729202270508,0.8711720108985901,1.0228134393692017,0.0888601765036583,0.8711720108985901
CoRoT-16,0.4517410099506378,0.44040653109550476,1.4244338274002075,1.2661150693893433,0.38843265175819397,1.2122259140014648
WASP-42,0.0560305155813694,0.0685526505112648,0.889582097530365,1.0541661977767944,0.0560305155813694,0.889582097530365
WASP-42,0.06095807999372482,0.038932256400585175,2.4968044757843018,1.4269176721572876,0.038932085037231445,1.4269015789031982
WASP-62,0.08842571079730988,0.4212251305580139,1.7706799507141113,8.347561836242676,0.08842571079730988,1.7706799507141113
WASP-56,0.0961373969912529,0.07583633810281754,1.0083571672439575,0.9079492092132568,0.07456709444522858,1.0418179035186768
